Player,Games_Analyzed,Date_Range,PTS_CV,PTS_Mean,PTS_Std,REB_CV,REB_Mean,REB_Std,AST_CV,AST_Mean,AST_Std,STL_CV,STL_Mean,STL_Std,BLK_CV,BLK_Mean,BLK_Std,FG3M_CV,FG3M_Mean,FG3M_Std,FGM_CV,FGM_Mean,FGM_Std,FTM_CV,FTM_Mean,FTM_Std,Overall_Volatility,Max_Stat_Volatility,Risk_Level
Nika Mühl,10,2024-06-19T00:00:00 to 2024-09-19T00:00:00,3.162277660168379,0.2,0.6324555320336759,1.165343164633502,0.6,0.6992058987801011,2.1081851067789197,0.6,1.2649110640673518,2.1081851067789197,0.2,0.42163702135578396,,0.0,0.0,,0.0,0.0,3.162277660168379,0.1,0.31622776601683794,,0.0,0.0,2.34125373970562,3.162277660168379,EXTREME
Moriah Jefferson,10,2024-08-28T00:00:00 to 2024-09-19T00:00:00,1.656431155326294,0.7,1.1595018087284057,2.160246899469287,0.5,1.0801234497346435,0.623147003218459,1.7,1.0593499054713802,3.162277660168379,0.1,0.31622776601683794,,0.0,0.0,3.162277660168379,0.1,0.31622776601683794,2.1081851067789197,0.2,0.42163702135578396,3.162277660168379,0.2,0.6324555320336759,2.290691877899728,3.162277660168379,EXTREME
Morgan Bertsch,10,2024-05-21T00:00:00 to 2024-06-23T00:00:00,1.3333333333333333,2.0,2.6666666666666665,0.834197936713045,1.7,1.4181364924121764,3.162277660168379,0.2,0.6324555320336759,3.162277660168379,0.1,0.31622776601683794,3.162277660168379,0.1,0.31622776601683794,2.1081851067789197,0.2,0.42163702135578396,1.4142135623730951,0.5,0.7071067811865476,2.0241596335818532,0.8,1.6193277068654828,2.150115319160673,3.162277660168379,EXTREME
Lou Lopez Sénéchal,10,2024-07-05T00:00:00 to 2024-09-19T00:00:00,2.1081851067789197,0.4,0.8432740427115679,2.249828525701843,0.3,0.6749485577105528,2.1081851067789197,0.2,0.42163702135578396,2.1081851067789197,0.2,0.42163702135578396,,0.0,0.0,,0.0,0.0,2.1081851067789197,0.2,0.42163702135578396,,0.0,0.0,2.1365137905635043,2.249828525701843,EXTREME
Stephanie Soares,10,2024-06-17T00:00:00 to 2024-08-25T00:00:00,1.656431155326294,0.7,1.1595018087284057,0.838419850555191,1.4,1.1737877907772674,,0.0,0.0,3.162277660168379,0.1,0.31622776601683794,2.1081851067789197,0.2,0.42163702135578396,3.162277660168379,0.1,0.31622776601683794,1.6101529717988263,0.3,0.4830458915396479,,0.0,0.0,2.0896240674659983,3.162277660168379,EXTREME
Laeticia Amihere,10,2024-06-28T00:00:00 to 2025-06-15,1.355261854357877,1.4,1.8973665961010275,1.5920810978785667,1.6,2.547329756605707,1.6101529717988263,0.3,0.4830458915396479,3.162277660168379,0.1,0.31622776601683794,3.162277660168379,0.1,0.31622776601683794,,0.0,0.0,1.4142135623730951,0.5,0.7071067811865476,2.1081851067789197,0.4,0.8432740427115679,2.057778559074863,3.162277660168379,EXTREME
Astou Ndour-Fall,10,2024-07-07T00:00:00 to 2024-09-19T00:00:00,1.5225781326736643,0.9,1.3703203194062978,0.6307180135528297,0.9,0.5676462121975467,3.162277660168379,0.1,0.31622776601683794,,0.0,0.0,3.162277660168379,0.2,0.6324555320336759,,0.0,0.0,1.6101529717988265,0.3,0.48304589153964794,2.249828525701843,0.3,0.6749485577105528,2.0563054940106533,3.162277660168379,EXTREME
Alissa Pili,10,2024-09-19T00:00:00 to 2025-06-14,1.465865045145191,2.2,3.22490309931942,0.8461970117626564,1.5,1.2692955176439846,3.162277660168379,0.2,0.6324555320336759,2.249828525701843,0.3,0.6749485577105528,,0.0,0.0,2.1081851067789197,0.2,0.42163702135578396,1.8446619684315548,0.8,1.475729574745244,1.7480147469502527,0.4,0.6992058987801011,1.9178614378483996,3.162277660168379,EXTREME
Liz Dixon,10,2024-06-02T00:00:00 to 2024-07-10T00:00:00,1.6101529717988265,1.2,1.9321835661585918,1.1102427162061856,1.6,1.7763883459298973,2.1081851067789197,0.2,0.42163702135578396,,0.0,0.0,2.1081851067789197,0.2,0.42163702135578396,,0.0,0.0,1.2909944487358054,0.4,0.5163977794943222,3.162277660168379,0.4,1.2649110640673518,1.8983396684111724,3.162277660168379,EXTREME
Katie Lou Samuelson,10,2024-08-18T00:00:00 to 2024-09-19T00:00:00,2.002602473449653,1.6,3.2041639575194445,0.9752240076973542,1.9,1.8529256146249728,1.0004590314678288,1.1,1.1005049346146119,2.249828525701843,0.3,0.6749485577105528,2.1081851067789197,0.2,0.42163702135578396,2.249828525701843,0.3,0.6749485577105528,2.41522945769824,0.4,0.966091783079296,2.160246899469287,0.5,1.0801234497346435,1.8952005034956212,2.41522945769824,EXTREME
Crystal Dangerfield,10,2024-08-25T00:00:00 to 2024-09-19T00:00:00,1.304990067079078,2.9,3.784471194529326,1.6457014715109586,0.8,1.3165611772087669,1.0540925533894598,1.5,1.5811388300841898,3.162277660168379,0.1,0.31622776601683794,,0.0,0.0,1.6101529717988263,0.6,0.9660917830792958,1.3173978860172217,1.1,1.449137674618944,3.162277660168379,0.1,0.31622776601683794,1.8938414671617576,3.162277660168379,EXTREME
Kiana Williams,10,2024-05-20T00:00:00 to 2024-07-14T00:00:00,1.6101529717988263,0.9,1.4491376746189437,3.162277660168379,0.2,0.6324555320336759,1.4142135623730951,0.5,0.7071067811865476,,0.0,0.0,,0.0,0.0,1.6101529717988263,0.3,0.4830458915396479,1.6101529717988263,0.3,0.4830458915396479,,0.0,0.0,1.8813900275875906,3.162277660168379,EXTREME
Lexie Brown,10,2024-06-18T00:00:00 to 2025-06-15,1.7726706155152205,1.6,2.836272984824353,1.4142135623730951,0.5,0.7071067811865476,1.699673171197595,0.5,0.8498365855987975,1.4142135623730951,0.5,0.7071067811865476,,0.0,0.0,2.249828525701843,0.3,0.6749485577105528,2.4152294576982394,0.4,0.9660917830792959,2.160246899469287,0.5,1.0801234497346435,1.8751536849040533,2.4152294576982394,EXTREME
Brianna Turner,10,2024-09-13T00:00:00 to 2025-06-14,1.7568209223157663,1.5,2.6352313834736494,1.2054009511326318,2.6,3.134042472944843,1.4296488196754653,0.9,1.286683937707919,2.1081851067789197,0.2,0.42163702135578396,1.5133570078162575,0.7,1.0593499054713802,,0.0,0.0,1.9107050140703696,0.7,1.3374935098492586,3.162277660168379,0.1,0.31622776601683794,1.8694850688511129,3.162277660168379,EXTREME
Michaela Onyenwere,10,2025-05-17 to 2025-06-15,0.9749465797331325,3.2,3.119829055146024,1.0540925533894598,1.0,1.0540925533894598,1.2909944487358054,0.8,1.0327955589886444,2.1081851067789197,0.2,0.42163702135578396,3.162277660168379,0.1,0.31622776601683794,2.249828525701843,0.3,0.6749485577105528,0.9035079029052513,1.4,1.2649110640673518,3.162277660168379,0.1,0.31622776601683794,1.8632638046976462,3.162277660168379,EXTREME
Isabelle Harrison,10,2024-09-19T00:00:00 to 2025-06-14,1.15590193564473,3.9,4.508017549014447,0.8486587103472157,3.8,3.2249030993194197,0.9860132971832694,0.8,0.7888106377466155,2.160246899469287,0.5,1.0801234497346435,3.162277660168379,0.2,0.6324555320336759,2.1081851067789197,0.2,0.42163702135578396,1.135534053093029,1.8,2.043961295567452,3.162277660168379,0.1,0.31622776601683794,1.8398869153566513,3.162277660168379,EXTREME
Shatori Walker-Kimbrough,10,2025-05-20 to 2025-06-15,1.5569978883230458,2.2,3.4253953543107007,1.0243938285880985,1.2,1.2292725943057181,1.1761037176408067,0.7,0.8232726023485647,2.1081851067789197,0.2,0.42163702135578396,1.405456737852613,0.6,0.8432740427115678,2.249828525701843,0.3,0.6749485577105528,1.6457014715109581,0.8,1.3165611772087666,3.1622776601683795,0.3,0.9486832980505139,1.791118117070583,3.1622776601683795,EXTREME
Kierstan Bell,10,2024-09-01T00:00:00 to 2025-06-15,1.2853848173994502,3.1,3.9846929339382955,0.9642122253007899,1.4,1.3498971154211057,1.9364916731037085,0.8,1.5491933384829668,3.162277660168379,0.1,0.31622776601683794,2.1081851067789197,0.2,0.42163702135578396,1.2909944487358056,0.8,1.0327955589886446,1.247219128924647,1.0,1.247219128924647,2.249828525701843,0.3,0.6749485577105528,1.780574198264193,3.162277660168379,EXTREME
Li Yueru,10,2024-09-19T00:00:00 to 2025-06-08,0.8198497637473575,2.7,2.2135943621178655,0.8936504412303007,1.6,1.4298407059684812,2.1081851067789197,0.6,1.2649110640673518,3.162277660168379,0.1,0.31622776601683794,,0.0,0.0,3.162277660168379,0.2,0.6324555320336759,1.1761037176408067,0.7,0.8232726023485646,1.0883809088526044,1.1,1.1972189997378648,1.772960751226678,3.162277660168379,EXTREME
Lucy Olsen,10,2025-05-16 to 2025-06-15,0.710306375722681,2.8,1.9888578520235065,1.5121181757423816,1.1,1.66332999331662,1.2909944487358056,0.8,1.0327955589886446,3.162277660168379,0.1,0.31622776601683794,3.162277660168379,0.1,0.31622776601683794,1.4142135623730951,0.5,0.7071067811865476,0.6666666666666666,1.0,0.6666666666666666,2.249828525701843,0.3,0.6749485577105528,1.771085384409904,3.162277660168379,EXTREME
Diamond Miller,10,2024-09-19T00:00:00 to 2025-06-14,1.4229164972072998,3.0,4.268749491621899,1.536590742882148,0.8,1.2292725943057183,1.4191155304938667,0.8,1.1352924243950935,3.162277660168379,0.2,0.6324555320336759,,0.0,0.0,1.6101529717988265,0.3,0.48304589153964794,1.4296488196754653,0.9,1.286683937707919,1.6932043630611053,0.9,1.5238839267549948,1.7534152264695844,3.162277660168379,EXTREME
Marquesha Davis,10,2024-09-12T00:00:00 to 2025-06-11,1.165343164633502,1.2,1.3984117975602022,1.6101529717988263,0.6,0.9660917830792958,1.6101529717988265,0.3,0.48304589153964794,,0.0,0.0,2.1081851067789197,0.2,0.42163702135578396,,0.0,0.0,2.249828525701843,0.3,0.6749485577105528,1.6101529717988265,0.6,0.9660917830792959,1.725635952085124,2.249828525701843,EXTREME
Mikiah Herbert Harrigan,10,2024-08-18T00:00:00 to 2024-09-19T00:00:00,1.0757542528898199,3.4,3.6575644598253874,1.3853490243227224,1.1,1.5238839267549948,1.7480147469502527,0.4,0.6992058987801011,1.7480147469502527,0.4,0.6992058987801011,3.162277660168379,0.1,0.31622776601683794,1.7480147469502527,0.4,0.6992058987801011,1.0243938285880987,1.2,1.2292725943057183,1.7916128329552332,0.6,1.0749676997731399,1.7104289799718764,3.162277660168379,EXTREME
JJ Quinerly,10,2025-05-16 to 2025-06-14,1.3251200968571815,3.3,4.3728963196286985,1.4191155304938667,0.8,1.1352924243950935,1.1653431646335017,1.2,1.398411797560202,1.0540925533894598,0.5,0.5270462766947299,3.162277660168379,0.1,0.31622776601683794,2.1081851067789197,0.2,0.42163702135578396,1.2054009511326318,1.3,1.5670212364724214,2.160246899469287,0.5,1.0801234497346435,1.6999727453654034,3.162277660168379,EXTREME
Joyner Holmes,10,2024-08-28T00:00:00 to 2025-06-15,1.0667820006851327,3.4,3.627058802329451,1.2684198393626966,2.5,3.1710495984067415,1.1049210289019482,0.9,0.9944289260117534,2.1081851067789197,0.2,0.42163702135578396,2.1081851067789197,0.2,0.42163702135578396,2.1081851067789197,0.2,0.42163702135578396,1.1761037176408067,1.4,1.6465452046971292,2.41522945769824,0.4,0.966091783079296,1.669501420578198,2.41522945769824,EXTREME
Jaelyn Brown,10,2024-09-06T00:00:00 to 2025-06-15,1.155272854899947,4.3,4.967673276069772,1.0062898526105253,1.9,1.911950719959998,1.7916128329552332,0.6,1.0749676997731399,1.6101529717988263,0.6,0.9660917830792958,2.1081851067789197,0.2,0.42163702135578396,1.2909944487358056,0.8,1.0327955589886446,1.1781034420235137,1.7,2.0027758514399734,3.162277660168379,0.1,0.31622776601683794,1.6628611462463936,3.162277660168379,EXTREME
Jaylyn Sherrod,10,2024-09-15T00:00:00 to 2025-06-14,1.7548745753148585,1.7,2.9832867780352594,1.405456737852613,0.6,0.8432740427115678,1.165343164633502,0.6,0.6992058987801011,1.7916128329552332,0.6,1.0749676997731399,,0.0,0.0,2.1081851067789197,0.2,0.42163702135578396,1.7916128329552332,0.6,1.0749676997731399,1.6101529717988263,0.3,0.4830458915396479,1.6610340317555978,2.1081851067789197,EXTREME
Dorka Juhász,10,2024-08-21T00:00:00 to 2024-09-15T00:00:00,1.1547005383792515,2.0,2.309401076758503,0.6332866171912036,2.6,1.6465452046971294,1.245745744914816,1.1,1.3703203194062976,2.41522945769824,0.4,0.966091783079296,2.1081851067789197,0.2,0.42163702135578396,2.1081851067789197,0.2,0.42163702135578396,1.2909944487358056,0.8,1.0327955589886446,2.1081851067789197,0.2,0.42163702135578396,1.6330640159070096,2.41522945769824,EXTREME
Victoria Vivians,10,2024-08-18T00:00:00 to 2024-09-19T00:00:00,1.2998551872440738,2.2,2.8596814119369625,1.165343164633502,0.6,0.6992058987801011,1.1761037176408067,0.7,0.8232726023485647,2.1081851067789197,0.2,0.42163702135578396,2.1081851067789197,0.2,0.42163702135578396,2.41522945769824,0.4,0.966091783079296,1.1049210289019482,0.9,0.9944289260117534,,0.0,0.0,1.6254032528109157,2.41522945769824,EXTREME
Lindsay Allen,10,2024-09-08T00:00:00 to 2025-06-15,0.9628196592573635,5.2,5.00666222813829,0.8146043499230655,2.4,1.9550504398153572,0.7542859707724137,3.7,2.7908580918579307,2.4152294576982394,0.4,0.9660917830792959,1.7480147469502527,0.4,0.6992058987801011,3.162277660168379,0.1,0.31622776601683794,0.7817359599705717,2.0,1.5634719199411433,2.2858208685631647,1.1,2.5144029554194813,1.6155985841629312,3.162277660168379,EXTREME
Aaliyah Nye,10,2025-05-17 to 2025-06-15,1.1666666666666667,4.0,4.666666666666667,1.0288411614225066,1.3,1.3374935098492586,1.7480147469502527,0.4,0.6992058987801011,1.6101529717988263,0.3,0.4830458915396479,3.162277660168379,0.1,0.31622776601683794,1.2909944487358054,0.8,1.0327955589886444,1.2297746456210366,1.2,1.4757295747452437,1.4191155304938667,0.8,1.1352924243950935,1.5819797289821675,3.162277660168379,EXTREME
DiDi Richards,10,2024-06-14T00:00:00 to 2024-07-14T00:00:00,0.8707721093217277,2.3,2.0027758514399734,0.8198497637473576,1.8,1.4757295747452437,1.2909944487358056,0.8,1.0327955589886446,3.162277660168379,0.1,0.31622776601683794,1.6101529717988263,0.3,0.4830458915396479,,0.0,0.0,1.0540925533894598,1.0,1.0540925533894598,2.249828525701843,0.3,0.6749485577105528,1.5797097189804856,3.162277660168379,EXTREME
Kristy Wallace,10,2024-06-23T00:00:00 to 2024-09-19T00:00:00,1.5344434426986882,3.7,5.677440737985147,1.0213147899774866,1.4,1.429840705968481,1.1486707293408518,0.8,0.9189365834726815,1.2909944487358054,0.4,0.5163977794943222,,0.0,0.0,2.4152294576982394,0.4,0.9660917830792959,1.4754222271266348,1.4,2.065591117977289,2.160246899469287,0.5,1.0801234497346435,1.5780459992924276,2.4152294576982394,EXTREME
Haley Jones,10,2024-09-08T00:00:00 to 2025-06-08,1.0636105122381558,2.1,2.2335820757001272,0.8436856971381912,1.6,1.349897115421106,0.8198497637473576,0.9,0.7378647873726218,1.7480147469502527,0.4,0.6992058987801011,2.1081851067789197,0.2,0.42163702135578396,3.162277660168379,0.1,0.31622776601683794,1.1761037176408067,0.7,0.8232726023485647,1.6101529717988263,0.6,0.9660917830792958,1.5664850220576114,3.162277660168379,EXTREME
Dominique Malonga,10,2025-05-20 to 2025-06-15,0.5624571314254607,4.8,2.6997942308422114,0.7404081028663653,2.3,1.70293863659264,1.4191155304938667,0.8,1.1352924243950935,2.1081851067789197,0.2,0.42163702135578396,2.1081851067789197,0.2,0.42163702135578396,,0.0,0.0,0.6497539643901418,2.3,1.494434118097326,3.162277660168379,0.2,0.6324555320336759,1.5357689432717219,3.162277660168379,EXTREME
Rachel Banham,10,2025-05-17 to 2025-06-15,0.7019980083940409,5.7,4.001388647846033,1.7880936529065323,0.7,1.2516655570345725,1.0061539042374907,1.5,1.509230856356236,,0.0,0.0,3.162277660168379,0.2,0.6324555320336759,1.1268723396380222,1.4,1.577621275493231,0.7071067811865476,2.0,1.4142135623730951,2.249828525701843,0.3,0.6749485577105528,1.534618696033265,3.162277660168379,EXTREME
Kiah Stokes,10,2025-05-17 to 2025-06-15,1.35400640077266,2.0,2.70801280154532,0.44526668328884467,6.7,2.9832867780352594,0.7905694150420948,0.8,0.6324555320336759,1.405456737852613,0.6,0.8432740427115678,1.4142135623730951,0.5,0.7071067811865476,3.162277660168379,0.1,0.31622776601683794,1.4191155304938667,0.8,1.1352924243950935,2.249828525701843,0.3,0.6749485577105528,1.5300918144616744,3.162277660168379,EXTREME
Olivia Époupa,10,2024-06-09T00:00:00 to 2024-09-19T00:00:00,1.6101529717988265,0.6,0.9660917830792959,1.7235201019860815,1.4,2.412928142780514,1.2909944487358056,1.6,2.0655911179772892,1.405456737852613,0.6,0.8432740427115678,,0.0,0.0,,0.0,0.0,1.6101529717988265,0.3,0.48304589153964794,,0.0,0.0,1.5280554464344305,1.7235201019860815,EXTREME
Diamond DeShields,10,2024-08-17T00:00:00 to 2024-09-08T00:00:00,1.0636105122381558,4.2,4.4671641514002545,0.5270462766947299,1.2,0.6324555320336759,0.816496580927726,1.0,0.816496580927726,1.6101529717988263,0.3,0.4830458915396479,3.162277660168379,0.1,0.31622776601683794,2.1081851067789197,0.2,0.42163702135578396,1.0394006494665546,1.7,1.7669811040931427,1.7916128329552332,0.6,1.0749676997731399,1.5148478238785656,3.162277660168379,EXTREME
Megan Gustafson,10,2024-08-30T00:00:00 to 2024-09-19T00:00:00,1.2351508489979859,5.7,7.04035983928852,1.0801234497346435,2.0,2.160246899469287,1.6101529717988263,0.3,0.4830458915396479,1.4142135623730951,0.5,0.7071067811865476,2.249828525701843,0.3,0.6749485577105528,0.9728833730787926,0.9,0.8755950357709134,1.258881273580848,2.1,2.6436506745197805,2.249828525701843,0.6,1.3498971154211057,1.5088828163709846,2.249828525701843,EXTREME
Mercedes Russell,10,2025-05-22 to 2025-06-14,0.8754368385876947,1.9,1.66332999331662,0.8606629658238704,1.2,1.0327955589886444,1.165343164633502,0.6,0.6992058987801011,1.6101529717988263,0.3,0.4830458915396479,3.162277660168379,0.2,0.6324555320336759,,0.0,0.0,1.1761037176408067,0.7,0.8232726023485647,1.699673171197595,0.5,0.8498365855987975,1.5070929271215248,3.162277660168379,EXTREME
Lorela Cubaj,10,2024-08-30T00:00:00 to 2024-09-19T00:00:00,1.1755695135263828,1.9,2.2335820757001272,0.8606629658238705,1.8,1.5491933384829668,1.1761037176408067,0.7,0.8232726023485646,1.405456737852613,0.6,0.8432740427115678,,0.0,0.0,,0.0,0.0,1.222783260682902,0.9,1.1005049346146119,3.162277660168379,0.1,0.31622776601683794,1.5004756426158259,3.162277660168379,EXTREME
Kaila Charles,10,2025-05-20 to 2025-06-12,0.9786633632541527,4.6,4.501851470969102,0.40963453652583937,3.5,1.4337208778404378,1.165343164633502,0.6,0.6992058987801011,3.162277660168379,0.1,0.31622776601683794,2.249828525701843,0.3,0.6749485577105528,1.699673171197595,0.5,0.8498365855987975,0.9409658158863512,1.6,1.505545305418162,1.330243333042072,0.9,1.1972189997378648,1.492078696301217,3.162277660168379,EXTREME
Cecilia Zandalasini,10,2024-09-10T00:00:00 to 2025-06-10,0.9681851281965285,5.7,5.518655230720213,1.2909944487358058,1.2,1.5491933384829668,0.8919244682526197,1.3,1.1595018087284057,1.536590742882148,0.8,1.2292725943057183,2.1081851067789197,0.2,0.42163702135578396,1.222783260682902,0.9,1.1005049346146119,0.7920619015793428,2.1,1.66332999331662,2.6293687924887186,0.6,1.577621275493231,1.430011731199623,2.6293687924887186,EXTREME
Kalani Brown,10,2025-05-18 to 2025-06-08,0.5439282932204212,6.5,3.5355339059327378,0.6132690135169467,4.1,2.5144029554194813,1.1653431646335017,0.6,0.699205898780101,2.1081851067789197,0.2,0.42163702135578396,2.249828525701843,0.3,0.6749485577105528,3.162277660168379,0.1,0.31622776601683794,0.6307180135528296,2.7,1.7029386365926402,0.9428090415820634,1.0,0.9428090415820634,1.427044852394363,3.162277660168379,EXTREME
Julie Vanloo,10,2024-09-19T00:00:00 to 2025-06-10,1.2192411622938186,4.1,4.998888765404656,0.9369711585684087,1.8,1.6865480854231358,0.6236095644623235,4.0,2.494438257849294,1.1653431646335017,0.6,0.699205898780101,,0.0,0.0,1.6457014715109581,0.8,1.3165611772087666,1.1761037176408067,1.4,1.6465452046971292,3.1622776601683795,0.5,1.5811388300841898,1.418463985611171,3.1622776601683795,EXTREME
Cheyenne Parker-Tyus,10,2024-06-30T00:00:00 to 2025-06-15,0.7813316132663779,7.9,6.172519744804386,0.6813135810749658,4.6,3.1340424729448424,1.070436048222094,1.6,1.7126976771553506,1.4191155304938667,0.8,1.1352924243950935,2.249828525701843,0.3,0.6749485577105528,3.162277660168379,0.1,0.31622776601683794,0.7535922203472519,3.0,2.260776661041756,1.1355340530930291,1.8,2.0439612955674527,1.406678654045976,3.162277660168379,EXTREME
Te-Hina Paopao,10,2025-05-16 to 2025-06-15,0.9888523854007619,5.1,5.0431471655438855,0.6478835438717,1.5,0.97182531580755,0.9099159635010484,1.9,1.728840330651992,3.162277660168379,0.1,0.31622776601683794,,0.0,0.0,1.4142135623730951,1.0,1.4142135623730951,1.0075163339804034,1.8,1.813529401164726,1.699673171197595,0.5,0.8498365855987975,1.4043332314989976,3.162277660168379,EXTREME
Karlie Samuelson,10,2025-05-18 to 2025-06-14,0.8484159576061507,4.1,3.4785054261852175,1.3494397557212354,1.2,1.6193277068654826,1.0213147899774866,1.4,1.429840705968481,1.4142135623730951,0.5,0.7071067811865476,3.162277660168379,0.1,0.31622776601683794,1.104921028901948,0.9,0.9944289260117533,0.9428090415820634,1.0,0.9428090415820634,1.2909944487358058,1.2,1.5491933384829668,1.3917982806332705,3.162277660168379,EXTREME
Stephanie Talbot,10,2024-09-17T00:00:00 to 2025-06-15,0.9343531843023136,2.8,2.616188916046478,0.6023386019368342,2.8,1.6865480854231356,0.9625833496967512,1.7,1.636391694484477,1.6101529717988263,0.3,0.4830458915396479,2.4152294576982394,0.4,0.9660917830792959,2.249828525701843,0.3,0.6749485577105528,0.8198497637473576,0.9,0.7378647873726218,1.5133570078162575,0.7,1.0593499054713802,1.3884616078373029,2.4152294576982394,EXTREME
Grace Berger,10,2024-05-16T00:00:00 to 2024-09-19T00:00:00,1.0336511451325667,2.7,2.79085809185793,1.0908742249324435,1.3,1.4181364924121764,1.4142135623730951,0.5,0.7071067811865476,1.2909944487358056,0.4,0.5163977794943223,,0.0,0.0,2.1081851067789197,0.2,0.42163702135578396,0.9860132971832694,0.8,0.7888106377466155,1.6932043630611053,0.9,1.5238839267549948,1.3738765925996006,2.1081851067789197,EXTREME
Temi Fágbénlé,10,2024-08-26T00:00:00 to 2024-09-19T00:00:00,0.702395738919336,4.3,3.020301677353145,0.42613887022775865,3.8,1.6193277068654828,1.1486707293408518,0.8,0.9189365834726815,1.6101529717988265,0.3,0.48304589153964794,1.405456737852613,0.6,0.8432740427115678,3.162277660168379,0.1,0.31622776601683794,0.7212212207401567,1.9,1.3703203194062976,1.7480147469502527,0.4,0.6992058987801011,1.3655410844997717,3.162277660168379,EXTREME
Jordan Horston,10,2024-08-30T00:00:00 to 2024-09-19T00:00:00,1.1561424588294869,5.1,5.896326540030382,0.6555055301063447,3.2,2.0976176963403033,0.6038073644245598,1.6,0.9660917830792959,1.405456737852613,0.6,0.8432740427115678,1.9436506316151,0.5,0.97182531580755,2.249828525701843,0.3,0.6749485577105528,1.2787386705474815,2.1,2.685351208149711,1.405456737852613,0.6,0.8432740427115678,1.3373233321162554,2.249828525701843,EXTREME
Zia Cooke,10,2025-05-18 to 2025-06-15,0.9162456945817024,3.0,2.748737083745107,1.405456737852613,0.6,0.8432740427115678,1.405456737852613,0.6,0.8432740427115678,1.4142135623730951,0.5,0.7071067811865476,,0.0,0.0,1.699673171197595,0.5,0.8498365855987975,0.9728833730787925,0.9,0.8755950357709132,1.5133570078162575,0.7,1.0593499054713802,1.332469469250381,1.699673171197595,EXTREME
Sevgi Uzun,10,2024-09-13T00:00:00 to 2025-06-01,0.733617369235792,1.6,1.1737877907772674,1.1761037176408067,0.7,0.8232726023485646,0.5270462766947299,2.0,1.0540925533894598,1.6101529717988263,0.6,0.9660917830792958,1.2909944487358056,0.4,0.5163977794943223,2.1081851067789197,0.2,0.42163702135578396,1.0540925533894598,0.5,0.5270462766947299,2.1081851067789197,0.4,0.8432740427115679,1.3260471938816574,2.1081851067789197,EXTREME
NaLyssa Smith,10,2025-05-22 to 2025-06-14,0.9613044616673803,6.3,6.0562181085044955,0.6231470032184591,3.4,2.118699810942761,1.6457014715109586,0.8,1.3165611772087669,1.7480147469502527,0.4,0.6992058987801011,1.2909944487358056,0.8,1.0327955589886446,2.1081851067789197,0.2,0.42163702135578396,0.9104527237904753,2.1,1.911950719959998,1.2516532618762786,1.9,2.378141197564929,1.3174316530660661,2.1081851067789197,EXTREME
Maya Caldwell,10,2025-05-20 to 2025-06-15,1.0062898526105253,3.8,3.823901439919996,0.7114746497758596,2.3,1.636391694484477,1.0757542528898199,1.7,1.8287822299126937,0.9642122253007899,0.7,0.6749485577105528,2.249828525701843,0.3,0.6749485577105528,1.405456737852613,0.6,0.8432740427115678,1.0061539042374907,1.5,1.509230856356236,2.1081851067789197,0.2,0.42163702135578396,1.3159194068934825,2.249828525701843,EXTREME
Dana Evans,10,2025-05-17 to 2025-06-15,0.4825890300766727,5.7,2.7507574714370344,1.7480147469502527,0.4,0.6992058987801011,0.7362738570791603,1.7,1.2516655570345725,1.7480147469502527,0.4,0.6992058987801011,3.162277660168379,0.1,0.31622776601683794,0.9728833730787925,0.9,0.8755950357709132,0.5270462766947299,2.0,1.0540925533894598,1.1486707293408518,0.8,0.9189365834726815,1.3157213025423864,3.162277660168379,EXTREME
Stefanie Dolson,10,2025-05-18 to 2025-06-15,0.8814248250544241,3.2,2.8205594401741574,0.8733018649193025,2.6,2.2705848487901865,1.6405358955814888,1.5,2.4608038433722332,1.2909944487358054,0.4,0.5163977794943222,1.7480147469502527,0.4,0.6992058987801011,1.7480147469502527,0.4,0.6992058987801011,0.9035079029052513,1.4,1.2649110640673518,,0.0,0.0,1.2979706330138252,1.7480147469502527,EXTREME
Layshia Clarendon,10,2024-06-18T00:00:00 to 2024-08-15T00:00:00,0.7196058973231647,3.6,2.590581230363393,0.96421222530079,1.4,1.349897115421106,0.7831560082980487,2.5,1.9578900207451218,0.6900655593423541,0.7,0.4830458915396479,3.162277660168379,0.1,0.31622776601683794,1.6101529717988263,0.3,0.4830458915396479,0.9628196592573635,1.3,1.2516655570345725,1.355261854357877,0.7,0.9486832980505138,1.2809439794808504,3.162277660168379,EXTREME
Emma Cannon,10,2025-05-22 to 2025-06-14,0.7126636979326818,5.2,3.7058512292499457,0.6038073644245598,1.6,0.9660917830792959,1.2909944487358056,0.4,0.5163977794943223,1.405456737852613,0.6,0.8432740427115678,3.162277660168379,0.1,0.31622776601683794,1.1486707293408518,0.8,0.9189365834726815,0.7314228762270926,1.8,1.3165611772087666,1.1486707293408518,0.8,0.9189365834726815,1.2754955305028544,3.162277660168379,EXTREME
Shakira Austin,10,2024-08-26T00:00:00 to 2025-06-15,0.7015650481375094,6.9,4.840798832148815,0.594902903859593,4.5,2.6770630673681683,2.5385910352879693,0.5,1.2692955176439846,1.7480147469502527,0.4,0.6992058987801011,1.405456737852613,0.6,0.8432740427115678,,0.0,0.0,0.6254250255506523,2.8,1.7511900715418263,1.2054009511326316,1.3,1.5670212364724212,1.2599080641101743,2.5385910352879693,EXTREME
Carla Leite,10,2025-05-17 to 2025-06-15,1.064839342193252,6.7,7.134423592694788,1.3494397557212354,1.2,1.6193277068654823,0.7314228762270926,1.8,1.3165611772087666,1.165343164633502,0.6,0.6992058987801011,,0.0,0.0,2.249828525701843,0.3,0.6749485577105528,1.247555896617817,2.3,2.869378562220979,0.899626503814157,1.8,1.6193277068654826,1.2440080092726997,2.249828525701843,EXTREME
Sydney Colson,10,2024-09-19T00:00:00 to 2025-06-14,0.9140410563885768,4.7,4.295992965026311,0.9558139185602919,1.5,1.4337208778404378,0.82111394053422,2.3,1.888562063228706,1.2909944487358056,0.8,1.0327955589886446,1.7480147469502527,0.4,0.6992058987801011,1.222783260682902,0.9,1.1005049346146119,0.8790788929984272,1.7,1.4944341180973262,2.1081851067789197,0.4,0.8432740427115679,1.2425031714536745,2.1081851067789197,EXTREME
Sug Sutton,10,2025-05-18 to 2025-06-15,0.9372541650051773,4.1,3.8427420765212266,0.6900655593423541,1.4,0.9660917830792958,0.5270462766947299,2.4,1.2649110640673518,1.405456737852613,0.6,0.8432740427115678,1.6101529717988263,0.3,0.4830458915396479,1.699673171197595,0.5,0.8498365855987975,0.8436856971381912,1.6,1.349897115421106,2.1081851067789197,0.4,0.8432740427115679,1.227689960726051,2.1081851067789197,EXTREME
Kitija Laksa,10,2025-05-24 to 2025-06-15,0.6784606662648394,8.6,5.834761729877618,0.9217771979249535,1.7,1.567021236472421,1.104921028901948,0.9,0.9944289260117533,1.2909944487358056,0.4,0.5163977794943223,2.1081851067789197,0.2,0.42163702135578396,0.7768954430890012,1.8,1.3984117975602022,0.6179163244007179,2.9,1.7919573407620817,2.309401076758503,1.0,2.309401076758503,1.2260689116068362,2.309401076758503,EXTREME
Kate Martin,10,2024-09-19T00:00:00 to 2025-06-15,0.7595864199368508,6.3,4.78539444560216,0.720510347000041,3.1,2.2335820757001272,1.5365907428821481,0.8,1.2292725943057186,2.1081851067789197,0.2,0.42163702135578396,1.6101529717988265,0.3,0.48304589153964794,0.9040262963743211,1.1,0.9944289260117533,1.0757542528898199,1.7,1.8287822299126937,1.073435314532551,1.8,1.932183566158592,1.2235301815241848,2.1081851067789197,EXTREME
Jacy Sheldon,10,2025-05-18 to 2025-06-15,0.6867716715169504,7.0,4.8074017006186525,0.8461970117626564,1.5,1.2692955176439846,0.9534625892455921,2.2,2.097617696340303,1.3173978860172217,1.1,1.449137674618944,2.1081851067789197,0.2,0.42163702135578396,1.4191155304938667,0.8,1.1352924243950935,0.6254250255506523,2.8,1.7511900715418263,1.7916128329552332,0.6,1.0749676997731399,1.2185209567901365,2.1081851067789197,EXTREME
Brittney Griner,10,2024-09-19T00:00:00 to 2025-06-15,0.6412032394406365,10.8,6.924994985958874,0.39361301543490596,6.2,2.440400695696417,1.165343164633502,0.6,0.6992058987801011,2.1081851067789197,0.2,0.42163702135578396,0.6900655593423543,1.4,0.9660917830792959,3.162277660168379,0.1,0.31622776601683794,0.6397110398690778,4.3,2.7507574714370344,0.9104527237904754,2.1,1.9119507199599983,1.2138564386822814,3.162277660168379,EXTREME
Rebekah Gardner,10,2025-05-17 to 2025-06-14,0.8151401709613961,4.7,3.8311588035185618,0.6307180135528295,1.8,1.1352924243950933,1.247219128924647,1.0,1.247219128924647,1.165343164633502,0.6,0.6992058987801011,2.1081851067789197,0.2,0.42163702135578396,1.0540925533894598,0.5,0.5270462766947299,0.9217771979249537,1.7,1.5670212364724212,1.7480147469502527,0.8,1.3984117975602022,1.211311260389495,2.1081851067789197,EXTREME
Ivana Dojkić,10,2024-07-13T00:00:00 to 2024-09-17T00:00:00,1.0540925533894598,4.0,4.216370213557839,1.0883809088526044,1.1,1.1972189997378648,1.330243333042072,0.9,1.1972189997378648,0.9642122253007899,0.7,0.6749485577105528,,0.0,0.0,1.165343164633502,0.6,0.6992058987801011,1.0908742249324435,1.3,1.4181364924121764,1.7480147469502527,0.8,1.3984117975602022,1.2058801653001605,1.7480147469502527,EXTREME
Maddy Siegrist,10,2025-05-20 to 2025-06-12,0.44610852091656195,9.2,4.1041983924323695,0.6075738683564673,5.5,3.3416562759605704,1.7480147469502527,0.4,0.6992058987801011,2.1081851067789197,0.2,0.42163702135578396,1.699673171197595,0.5,0.8498365855987975,1.405456737852613,0.6,0.8432740427115678,0.4422680255363451,3.7,1.636391694484477,1.165343164633502,1.2,1.3984117975602022,1.202827917777782,2.1081851067789197,EXTREME
Tiffany Mitchell,10,2025-05-17 to 2025-06-15,0.4428074427700477,3.4,1.505545305418162,0.9431354425063587,1.9,1.7919573407620815,1.405456737852613,0.6,0.8432740427115678,1.2909944487358056,0.4,0.5163977794943223,2.1081851067789197,0.2,0.42163702135578396,1.6101529717988263,0.3,0.4830458915396479,0.9642122253007899,0.7,0.6749485577105528,0.834197936713045,1.7,1.4181364924121764,1.1998927890570508,2.1081851067789197,EXTREME
Damiris Dantas,10,2025-05-17 to 2025-06-14,0.7875315897291926,3.9,3.071373199943851,0.6389398671120596,2.9,1.8529256146249728,1.0540925533894598,0.5,0.5270462766947299,2.1081851067789197,0.2,0.42163702135578396,1.6101529717988263,0.3,0.4830458915396479,1.165343164633502,0.6,0.6992058987801011,0.8606629658238704,1.2,1.0327955589886444,1.330243333042072,0.9,1.1972189997378648,1.1943939440384879,2.1081851067789197,EXTREME
Marine Johannes,10,2025-05-17 to 2025-06-14,0.8678055195451838,6.0,5.206833117271103,0.47140452079103173,1.5,0.7071067811865476,1.2233554836823932,1.4,1.7126976771553504,1.7880936529065323,0.7,1.2516655570345725,2.1081851067789197,0.2,0.42163702135578396,1.0704360482220938,1.6,1.7126976771553504,0.8243315459839662,2.2,1.8135294011647258,,0.0,0.0,1.1933731254157316,2.1081851067789197,EXTREME
Monique Billings,10,2024-09-17T00:00:00 to 2025-06-15,0.6352243699932943,6.9,4.383048152953731,0.6182412330330469,5.0,3.0912061651652345,1.7480147469502527,0.4,0.6992058987801011,1.7916128329552332,0.6,1.0749676997731399,0.96421222530079,0.7,0.674948557710553,2.1081851067789197,0.2,0.42163702135578396,0.7118052168020874,2.5,1.7795130420052185,0.9625833496967512,1.7,1.636391694484477,1.1924848851887968,2.1081851067789197,EXTREME
Rae Burrell,10,2024-09-01T00:00:00 to 2025-05-17,0.9781825691859983,5.5,5.380004130522991,0.9428090415820634,2.0,1.8856180831641267,1.1495647062287127,1.3,1.4944341180973264,1.0243938285880987,1.2,1.2292725943057183,1.6101529717988263,0.3,0.4830458915396479,1.6101529717988263,0.6,0.9660917830792958,1.1653431646335017,1.8,2.0976176963403033,1.0288411614225066,1.3,1.3374935098492586,1.1886800519048166,1.6101529717988263,EXTREME
Leonie Fiebich,10,2025-05-17 to 2025-06-14,0.7777777777777778,6.0,4.666666666666667,0.9625833496967512,3.4,3.272783388968954,1.0540925533894598,0.5,0.5270462766947299,1.2909944487358056,0.8,1.0327955589886446,2.4152294576982394,0.4,0.9660917830792959,0.8606629658238704,1.2,1.0327955589886444,0.7256590127404736,2.1,1.5238839267549946,1.405456737852613,0.6,0.8432740427115678,1.186557037964374,2.4152294576982394,EXTREME
Teaira McCowan,10,2025-05-16 to 2025-06-08,0.795122708657693,4.6,3.6575644598253874,0.6582303787706599,4.3,2.8303906287138374,1.405456737852613,0.6,0.8432740427115678,1.6101529717988263,0.3,0.4830458915396479,1.7916128329552332,0.6,1.0749676997731399,,0.0,0.0,0.8498365855987975,2.0,1.699673171197595,1.165343164633502,0.6,0.6992058987801011,1.182250768609618,1.7916128329552332,EXTREME
Myisha Hines-Allen,10,2025-05-22 to 2025-06-14,0.7261437055644255,6.5,4.719934086168766,0.6201736729460423,5.2,3.22490309931942,0.4702004204317024,2.8,1.3165611772087666,1.4296488196754653,0.9,1.286683937707919,1.6101529717988263,0.3,0.4830458915396479,3.162277660168379,0.1,0.31622776601683794,0.7657804862272346,2.4,1.837873166945363,0.6718548123582125,1.6,1.07496769977314,1.182029068646286,3.162277660168379,EXTREME
Aliyah Boston,10,2025-05-17 to 2025-06-14,0.5409787056465022,13.9,7.519604008486381,0.5306836302545325,7.6,4.033195589934446,0.5325048095548884,4.1,2.1832697191750423,2.249828525701843,0.3,0.6749485577105528,0.9409658158863512,1.6,1.505545305418162,3.162277660168379,0.1,0.31622776601683794,0.5386524943074814,5.9,3.1780497164141406,0.8819171036881969,2.0,1.7638342073763937,1.1722260931510218,3.162277660168379,EXTREME
Jade Melbourne,10,2025-05-18 to 2025-06-15,0.6236095644623235,8.0,4.988876515698588,0.8782652573448144,2.2,1.9321835661585918,0.947511360236793,2.5,2.3687784005919825,1.0540925533894598,0.5,0.5270462766947299,3.162277660168379,0.1,0.31622776601683794,0.8606629658238706,1.2,1.0327955589886446,0.6476890718445449,2.8,1.8135294011647258,1.0243938285880987,1.2,1.2292725943057183,1.1498127827322855,3.162277660168379,EXTREME
Jessica Shepard,10,2025-05-16 to 2025-06-14,0.7130626096458111,6.8,4.848825745591515,0.5240499688641009,6.3,3.3015148038438356,0.6236095644623235,2.0,1.247219128924647,1.2909944487358054,0.4,0.5163977794943222,3.162277660168379,0.1,0.31622776601683794,,0.0,0.0,0.8379501738332422,2.4,2.011080417199781,0.8498365855987975,2.0,1.699673171197595,1.1431115730440655,3.162277660168379,EXTREME
Naz Hillmon,10,2025-05-20 to 2025-06-15,0.7554776818528643,6.4,4.835057163858332,0.7417773917569512,4.9,3.6347092196090616,0.8243315459839662,2.2,1.8135294011647258,1.6101529717988265,0.3,0.48304589153964794,1.699673171197595,0.5,0.8498365855987975,0.9860132971832694,0.8,0.7888106377466155,0.7401618108041238,2.4,1.776388345929897,1.7480147469502527,0.8,1.3984117975602022,1.138200327190981,1.7480147469502527,EXTREME
Celeste Taylor,10,2024-08-26T00:00:00 to 2024-09-19T00:00:00,0.709684747876622,3.4,2.4129281427805145,0.6813135810749656,2.3,1.567021236472421,1.1055415967851334,2.0,2.211083193570267,1.1495647062287127,1.3,1.4944341180973264,0.96421222530079,0.7,0.674948557710553,2.249828525701843,0.3,0.6749485577105528,0.6573421981221796,1.2,0.7888106377466155,1.5133570078162575,0.7,1.0593499054713802,1.128855573613313,2.249828525701843,EXTREME
Sika Koné,10,2024-08-28T00:00:00 to 2024-09-19T00:00:00,0.5908787286871164,8.6,5.081557066709201,0.49088806818566094,4.3,2.110818693198342,0.9040262963743211,1.1,0.9944289260117533,1.7480147469502527,0.4,0.6992058987801011,2.1081851067789197,0.2,0.42163702135578396,1.7480147469502527,0.4,0.6992058987801011,0.6790370339191693,2.9,1.9692073983655907,0.6573421981221796,2.4,1.577621275493231,1.115798365745984,2.1081851067789197,EXTREME
Nia Coffey,10,2025-05-20 to 2025-06-15,1.0294113788765473,5.5,5.66176258382101,0.823800393847623,3.9,3.21282153600573,0.7867608881466227,1.7,1.3374935098492586,1.4142135623730951,0.5,0.7071067811865476,1.4142135623730951,0.5,0.7071067811865476,0.9460770203292445,1.2,1.1352924243950933,1.0757542528898199,1.7,1.8287822299126937,1.4296488196754653,0.9,1.286683937707919,1.1149849848139393,1.4296488196754653,EXTREME
Sami Whitcomb,10,2025-05-24 to 2025-06-15,0.4997026464203255,8.7,4.347413023856832,0.5520046569316588,3.8,2.0976176963403033,0.8606629658238704,2.4,2.065591117977289,0.9860132971832694,0.8,0.7888106377466155,3.162277660168379,0.1,0.31622776601683794,0.9035079029052513,1.4,1.2649110640673518,0.5354488194221645,3.3,1.7669811040931427,1.355261854357877,0.7,0.9486832980505138,1.1068599754015995,3.162277660168379,EXTREME
Tina Charles,10,2025-05-18 to 2025-06-15,0.400577499469679,16.8,6.729701991090608,0.508874412840808,5.5,2.798809270624444,0.733617369235792,1.6,1.1737877907772674,0.9428090415820634,1.0,0.9428090415820634,3.162277660168379,0.2,0.6324555320336759,1.7480147469502527,0.4,0.6992058987801011,0.3129683512086802,6.6,2.0655911179772892,0.8307250848907035,3.2,2.6583202716502514,1.0799830207932948,3.162277660168379,EXTREME
Kiki Iriafen,10,2025-05-18 to 2025-06-15,0.30895221169699477,13.8,4.263540521418528,0.3072541439628902,9.8,3.011090610836324,0.9428090415820634,1.0,0.9428090415820634,1.7480147469502527,0.4,0.6992058987801011,3.162277660168379,0.1,0.31622776601683794,,0.0,0.0,0.3760507165451774,5.5,2.068278940998476,0.6900655593423541,2.8,1.9321835661585915,1.0764891543211588,3.162277660168379,EXTREME
Kia Nurse,10,2025-05-17 to 2025-06-15,0.5631453367423142,7.3,4.110960958218893,0.5105203241514897,1.8,0.9189365834726815,0.7959954870644664,1.1,0.8755950357709131,1.6101529717988263,0.3,0.4830458915396479,2.1081851067789197,0.2,0.42163702135578396,0.96421222530079,1.4,1.349897115421106,0.4865042554105199,2.6,1.2649110640673518,1.5133570078162575,0.7,1.0593499054713802,1.0690090893829478,2.1081851067789197,EXTREME
Monique Akoa Makani,10,2025-05-24 to 2025-06-15,0.6037601029897217,7.8,4.7093288033198295,0.6860605019571372,2.4,1.6465452046971292,0.5499387330648003,2.6,1.429840705968481,1.104921028901948,0.9,0.9944289260117533,3.162277660168379,0.1,0.31622776601683794,0.9558139185602919,1.5,1.4337208778404378,0.5790558866992931,2.6,1.505545305418162,0.9040262963743211,1.1,0.9944289260117533,1.0682317660894864,3.162277660168379,EXTREME
Rebecca Allen,10,2025-05-17 to 2025-06-15,0.7705636713122085,6.3,4.8545511292669135,0.32101512287011524,3.3,1.0593499054713802,0.9460770203292445,1.2,1.1352924243950933,1.2909944487358054,0.4,0.5163977794943222,1.6101529717988263,0.3,0.4830458915396479,1.0883809088526044,1.1,1.1972189997378648,0.7657804862272346,2.4,1.837873166945363,1.7480147469502527,0.4,0.6992058987801011,1.0676224221345365,1.7480147469502527,EXTREME
Natasha Howard,10,2025-05-17 to 2025-06-14,0.5922086384305721,11.1,6.573515886579351,0.38619967733479504,6.2,2.394437999475729,0.9860132971832694,0.8,0.7888106377466155,1.104921028901948,0.9,0.9944289260117533,1.699673171197595,0.5,0.8498365855987975,2.1081851067789197,0.2,0.42163702135578396,0.6425018614566876,4.8,3.0840089349921005,0.8919244682526197,1.3,1.1595018087284057,1.0514534061920509,2.1081851067789197,EXTREME
DeWanna Bonner,10,2024-09-19T00:00:00 to 2025-06-10,0.848528137423857,7.5,6.363961030678928,0.5520046569316588,3.8,2.0976176963403033,0.4370036867375632,1.6,0.6992058987801011,0.8606629658238704,1.2,1.0327955589886444,2.1081851067789197,0.2,0.42163702135578396,1.0540925533894598,1.0,1.0540925533894598,0.837950173833242,2.4,2.0110804171997807,1.641681230504665,1.7,2.7908580918579307,1.0425135639279044,2.1081851067789197,EXTREME
Aaliyah Edwards,10,2024-09-08T00:00:00 to 2025-06-15,0.8272322056026664,5.7,4.715223571935199,0.6307180135528296,4.5,2.8382310609877335,0.6666666666666666,1.0,0.6666666666666666,0.8606629658238704,0.6,0.5163977794943222,2.4152294576982394,0.4,0.9660917830792959,,0.0,0.0,0.9772433634301273,2.2,2.14993539954628,0.8919244682526197,1.3,1.1595018087284057,1.0385253058610027,2.4152294576982394,EXTREME
Jewell Loyd,10,2025-05-17 to 2025-06-15,0.5876225448450434,11.1,6.522610247779982,0.5240499688641008,4.2,2.2010098692292237,0.6127066370037709,2.1,1.286683937707919,1.0243938285880985,1.2,1.2292725943057181,3.162277660168379,0.1,0.31622776601683794,0.7905694150420949,2.4,1.8973665961010275,0.6441676715157809,3.6,2.3190036174568114,0.90267093384844,1.5,1.35400640077266,1.0310573324844636,3.162277660168379,EXTREME
Chennedy Carter,10,2024-07-16T00:00:00 to 2024-09-15T00:00:00,0.3642590292622711,19.9,7.248754682319194,0.363318747965681,5.1,1.8529256146249728,0.5466077591562216,3.9,2.1317702607092643,1.104921028901948,0.9,0.9944289260117533,3.162277660168379,0.1,0.31622776601683794,1.7916128329552332,0.6,1.0749676997731399,0.3461274654925912,7.8,2.6997942308422114,0.5104221792510015,3.7,1.888562063228706,1.023693337894166,3.162277660168379,EXTREME
Aerial Powers,10,2024-06-08T00:00:00 to 2025-06-15,0.6106828040155857,8.5,5.1908038341324785,0.7519197306256813,3.1,2.330951164939612,0.8384198505551909,1.4,1.1737877907772671,1.0004590314678288,1.1,1.1005049346146119,2.1081851067789197,0.2,0.42163702135578396,0.8198497637473576,0.9,0.7378647873726218,0.6849348892187752,3.0,2.0548046676563256,1.3565683830083088,1.6,2.1705094128132942,1.021377444927206,2.1081851067789197,EXTREME
Diana Taurasi,10,2024-08-26T00:00:00 to 2024-09-19T00:00:00,0.4354490617933017,12.8,5.573747990954262,0.4994327848429293,2.8,1.398411797560202,0.32729245769960047,4.6,1.505545305418162,1.699673171197595,0.5,0.8498365855987975,3.162277660168379,0.1,0.31622776601683794,0.623147003218459,1.7,1.0593499054713802,0.5483927597228442,4.4,2.4129281427805145,0.8707721093217277,2.3,2.0027758514399734,1.0208046259956045,3.162277660168379,EXTREME
Sarah Ashlee Barker,10,2025-05-22 to 2025-06-14,0.5119172321310237,4.7,2.4060109910158114,0.5500453385749609,2.9,1.5951314818673865,1.0061539042374907,1.5,1.509230856356236,1.1761037176408067,0.7,0.8232726023485646,2.1081851067789197,0.2,0.42163702135578396,0.9860132971832694,0.8,0.7888106377466155,0.6478835438717,1.5,0.97182531580755,1.1049210289019482,0.9,0.9944289260117534,1.0114028961650148,2.1081851067789197,EXTREME
Lexi Held,10,2025-05-24 to 2025-06-15,0.7884910439846635,9.2,7.254117604658903,1.104921028901948,1.8,1.9888578520235065,0.8461970117626564,1.5,1.2692955176439846,0.8436856971381912,1.6,1.349897115421106,1.2909944487358054,0.4,0.5163977794943222,0.7905694150420948,1.6,1.2649110640673518,0.7626252174051302,3.2,2.440400695696417,1.657381543352922,1.2,1.9888578520235063,1.0106081757904264,1.657381543352922,EXTREME
Kathryn Westbeld,10,2025-05-24 to 2025-06-15,0.707273032636257,6.7,4.738729318662922,0.6478835438717,3.0,1.9436506316151,0.9035079029052513,1.4,1.2649110640673518,1.165343164633502,1.2,1.3984117975602022,0.7297563831157798,1.3,0.9486832980505138,0.9460770203292445,1.2,1.1352924243950933,0.7068742949789857,2.6,1.837873166945363,2.249828525701843,0.3,0.6749485577105528,1.0070679835215703,2.249828525701843,EXTREME
Alysha Clark,10,2025-05-18 to 2025-06-15,0.7236128193296288,4.7,3.4009802508492557,0.623147003218459,1.7,1.0593499054713802,0.7905694150420948,0.8,0.6324555320336759,0.7905694150420948,0.8,0.6324555320336759,,0.0,0.0,1.1049210289019482,0.9,0.9944289260117534,0.8790788929984272,1.7,1.4944341180973262,2.1081851067789197,0.4,0.8432740427115679,1.0028690973302246,2.1081851067789197,EXTREME
Angel Reese,10,2025-05-17 to 2025-06-15,0.4604688460530249,10.4,4.788875998951459,0.2221555188672084,11.9,2.64365067451978,0.832993127835043,3.5,2.9154759474226504,0.7867608881466227,1.7,1.3374935098492586,2.1081851067789197,0.4,0.8432740427115679,2.1081851067789197,0.2,0.42163702135578396,0.6353173363869683,3.5,2.223610677354389,0.843685697138191,3.2,2.6997942308422114,0.9997189534981121,2.1081851067789197,EXTREME
Tyasha Harris,10,2024-09-10T00:00:00 to 2025-05-27,0.704285951263339,7.8,5.493430419854044,1.110918860722768,1.7,1.8885620632287057,0.3513641844631533,2.4,0.8432740427115679,1.2909944487358054,0.4,0.5163977794943222,1.355261854357877,0.7,0.9486832980505138,0.7905694150420948,1.6,1.2649110640673518,0.7103063757226811,2.8,1.9888578520235067,1.6101529717988263,0.6,0.9660917830792958,0.9904817577633181,1.6101529717988263,EXTREME
Brionna Jones,10,2025-05-20 to 2025-06-15,0.40329516729146475,12.7,5.121848624601602,0.4878180689163496,8.6,4.1952353926806065,0.7905694150420948,1.6,1.2649110640673518,0.816496580927726,1.0,0.816496580927726,1.7480147469502527,0.4,0.6992058987801011,2.249828525701843,0.3,0.6749485577105528,0.42163702135578396,5.0,2.1081851067789197,0.9043789220055392,2.4,2.170509412813294,0.9777548060238819,2.249828525701843,EXTREME
Courtney Vandersloot,10,2024-09-15T00:00:00 to 2025-06-08,0.7463210019953025,8.1,6.04520011616195,0.7702007157586646,2.9,2.2335820757001272,0.7474664903320364,4.6,3.438345855527367,1.0213147899774866,1.4,1.429840705968481,1.2909944487358056,0.4,0.5163977794943223,1.4142135623730951,0.5,0.7071067811865476,0.7186745129441808,3.2,2.2997584414213788,1.097134314340639,1.2,1.3165611772087666,0.9757899795571512,1.4142135623730951,EXTREME
Kamilla Cardoso,10,2025-05-17 to 2025-06-15,0.5251575742514585,10.9,5.7242175593408975,0.2924790958858098,6.8,1.9888578520235065,0.7867608881466227,1.7,1.3374935098492586,2.1081851067789197,0.2,0.42163702135578396,1.355261854357877,0.7,0.9486832980505138,,0.0,0.0,0.5904796749989382,4.6,2.716206504995115,1.1450040251495242,1.7,1.9465068427541912,0.9719040313670213,2.1081851067789197,EXTREME
Emily Engstler,10,2025-05-18 to 2025-06-15,0.5145585425378667,3.1,1.5951314818673867,0.6344589598415179,4.1,2.601281735350223,0.5580489988532434,1.7,0.9486832980505138,0.8606629658238706,0.6,0.5163977794943223,1.2909944487358056,0.4,0.5163977794943223,1.6101529717988265,0.3,0.48304589153964794,0.5270462766947299,1.2,0.6324555320336759,1.7480147469502527,0.4,0.6992058987801011,0.9679922389045141,1.7480147469502527,EXTREME
Aari McDonald,10,2024-07-05T00:00:00 to 2025-06-10,0.7758975442436029,8.7,6.750308634919345,0.9625833496967512,1.7,1.636391694484477,0.5977179402016042,3.1,1.8529256146249728,1.165343164633502,1.2,1.3984117975602022,1.2909944487358054,0.4,0.5163977794943222,1.1653431646335017,1.2,1.398411797560202,0.8382343307045903,2.7,2.263232692902394,0.9377178087455194,2.1,1.9692073983655907,0.9667289689493596,1.2909944487358054,EXTREME
Cameron Brink,10,2024-05-28T00:00:00 to 2024-06-18T00:00:00,0.8358909330098198,5.9,4.931756504757937,0.5183628773568197,5.1,2.6436506745197805,0.5191911982388868,1.3,0.6749485577105528,0.9428090415820634,1.0,0.9428090415820634,0.9099159635010484,1.9,1.728840330651992,1.7480147469502527,0.4,0.6992058987801011,0.9040262963743211,2.2,1.9888578520235065,1.3173978860172217,1.1,1.449137674618944,0.9619511178788043,1.7480147469502527,EXTREME
Alanna Smith,10,2025-05-18 to 2025-06-14,0.7036396228672823,10.2,7.177124153246279,0.5147893865390385,4.3,2.2135943621178655,0.72092846027933,2.7,1.9465068427541912,1.3333333333333333,1.0,1.3333333333333333,0.6356417261637282,2.2,1.398411797560202,0.8936504412303006,1.6,1.429840705968481,0.6991338268427061,4.2,2.9363620727393656,2.1081851067789197,0.2,0.42163702135578396,0.9511627380043297,2.1081851067789197,EXTREME
Sophie Cunningham,10,2024-09-07T00:00:00 to 2025-06-14,0.4884827399415283,8.1,3.956710193526379,0.46116549210788865,3.2,1.4757295747452437,1.0004590314678288,1.1,1.1005049346146119,0.96421222530079,0.7,0.674948557710553,2.1081851067789197,0.2,0.42163702135578396,0.623147003218459,1.7,1.0593499054713802,0.6273105439242342,2.4,1.505545305418162,1.2909944487358056,1.6,2.0655911179772892,0.9454945739344318,2.1081851067789197,EXTREME
Temi Fagbenle,10,2025-05-17 to 2025-06-15,0.37754661703792575,10.3,3.8887301554906357,0.6008444593400419,6.1,3.665151201974256,0.7212212207401567,1.9,1.3703203194062976,1.0540925533894598,1.5,1.5811388300841898,1.4296488196754653,0.9,1.286683937707919,1.4142135623730951,0.5,0.7071067811865476,0.43121968093205165,4.4,1.8973665961010275,1.4142135623730951,1.0,1.4142135623730951,0.9303750594826614,1.4296488196754653,EXTREME
Natisha Hiedeman,10,2025-05-18 to 2025-06-14,0.4424870089464998,9.6,4.247875285886398,0.8606629658238705,1.8,1.5491933384829668,0.7820686686437928,3.1,2.4244128727957577,1.165343164633502,0.6,0.6992058987801011,2.249828525701843,0.3,0.6749485577105528,0.6707861703387471,1.1,0.7378647873726218,0.5270462766947298,3.6,1.8973665961010275,0.7297563831157798,1.3,0.9486832980505138,0.9284973954873457,2.249828525701843,EXTREME
Rickea Jackson,10,2024-09-15T00:00:00 to 2025-06-14,0.6393254446848282,13.6,8.694826047713663,0.5853296980603054,3.9,2.282785822435191,0.7297563831157798,1.3,0.9486832980505138,0.9860132971832694,0.8,0.7888106377466155,1.7480147469502527,0.4,0.6992058987801011,1.0999438818457405,1.5,1.6499158227686108,0.6036923425424944,5.0,3.018461712712472,1.01512869557584,2.1,2.1317702607092643,0.9259005612448138,1.7480147469502527,EXTREME
Azurá Stevens,10,2024-08-28T00:00:00 to 2024-09-19T00:00:00,0.6669953167564674,7.8,5.202563470700445,0.7118052168020874,7.5,5.338539126015656,1.2233554836823934,1.4,1.7126976771553506,0.8606629658238704,0.6,0.5163977794943222,1.2909944487358054,0.4,0.5163977794943222,1.0288411614225066,1.3,1.3374935098492586,0.6023386019368342,2.8,1.6865480854231356,0.9728833730787924,0.9,0.8755950357709131,0.9197345710298446,1.2909944487358054,EXTREME
Olivia Nelson-Ododa,10,2024-09-19T00:00:00 to 2025-06-15,0.517699468436093,8.6,4.4522154285504,0.515201027527539,6.0,3.0912061651652345,1.656431155326294,0.7,1.1595018087284057,1.104921028901948,0.9,0.9944289260117533,1.0540925533894598,1.0,1.0540925533894598,,0.0,0.0,0.6478835438717,3.0,1.9436506316151,0.910166120476864,2.6,2.3664319132398464,0.9151992711328426,1.656431155326294,EXTREME
Arike Ogunbowale,10,2025-05-22 to 2025-06-14,0.583522806934872,17.5,10.21164912136026,0.41142536787773953,3.2,1.3165611772087666,0.37781862524265125,4.8,1.8135294011647258,1.070436048222094,1.6,1.7126976771553506,2.249828525701843,0.3,0.6749485577105528,1.0613873985857112,2.4,2.5473297566057065,0.6160524101032308,5.9,3.6347092196090616,0.8926687311226548,3.3,2.9458068127047605,0.9078924892238496,2.249828525701843,EXTREME
Kelsey Mitchell,10,2025-05-17 to 2025-06-14,0.2682551391162524,17.2,4.61398839279954,0.8790788929984272,1.7,1.4944341180973262,0.5734883511361751,2.5,1.4337208778404378,0.6573421981221796,1.2,0.7888106377466155,3.162277660168379,0.1,0.31622776601683794,0.7362738570791603,1.7,1.2516655570345725,0.2925047421233429,6.2,1.8135294011647258,0.6876678260352466,3.1,2.1317702607092643,0.9071110833473954,3.162277660168379,EXTREME
Tiffany Hayes,10,2024-09-06T00:00:00 to 2025-06-02,0.6462438957851023,9.6,6.203941399536982,0.9162456945817024,3.0,2.748737083745107,0.7453559924999299,2.0,1.4907119849998598,0.8198497637473576,0.9,0.7378647873726218,1.6101529717988263,0.3,0.4830458915396479,1.0883809088526044,1.1,1.1972189997378648,0.7535922203472519,3.0,2.260776661041756,0.6599663291074443,2.5,1.6499158227686108,0.9049734720900274,1.6101529717988263,EXTREME
Courtney Williams,10,2025-05-18 to 2025-06-14,0.6814236656339138,11.1,7.563802688536442,0.3249637968110184,4.4,1.429840705968481,0.42210719140628267,5.7,2.4060109910158114,0.7657804862272346,1.2,0.9189365834726815,2.1081851067789197,0.2,0.42163702135578396,0.9628196592573635,1.3,1.2516655570345725,0.7360580485752192,4.4,3.2386554137309647,1.1547005383792515,1.0,1.1547005383792515,0.8945048116336505,2.1081851067789197,EXTREME
Jordin Canada,10,2024-09-08T00:00:00 to 2025-06-15,0.6666666666666666,9.0,6.0,0.6353173363869683,3.5,2.223610677354389,0.39544734266782633,4.5,1.7795130420052185,0.6900655593423543,1.4,0.9660917830792959,1.6101529717988265,0.3,0.48304589153964794,1.1761037176408067,0.7,0.8232726023485646,0.729094239701761,3.3,2.4060109910158114,1.2102979891773304,1.7,2.0575065816014617,0.8891432279228175,1.6101529717988265,EXTREME
Bridget Carleton,10,2025-05-18 to 2025-06-14,0.46168379594441233,7.0,3.2317865716108862,0.5909368402852788,3.5,2.068278940998476,0.4320493798938574,2.5,1.0801234497346435,0.7959954870644664,1.1,0.8755950357709131,1.4142135623730951,0.5,0.7071067811865476,0.6900655593423543,1.4,0.9660917830792959,0.45145684260664126,2.6,1.1737877907772674,2.1081851067789197,0.4,0.8432740427115679,0.8680733217861281,2.1081851067789197,EXTREME
Natasha Mack,10,2024-09-01T00:00:00 to 2025-06-15,0.5793514892948392,4.8,2.780887148615228,0.47911634196278724,4.8,2.2997584414213788,0.9860132971832694,0.8,0.7888106377466155,0.6666666666666666,1.0,0.6666666666666666,1.4296488196754653,0.9,1.286683937707919,,0.0,0.0,0.6356417261637282,2.2,1.398411797560202,1.2909944487358056,0.4,0.5163977794943223,0.8667761128117943,1.4296488196754653,EXTREME
Azura Stevens,10,2025-05-22 to 2025-06-14,0.6280308456242858,12.8,8.038794823990859,0.34768872581441645,9.3,3.2335051500740732,0.7314228762270926,1.8,1.3165611772087666,0.8919244682526197,1.3,1.1595018087284057,1.330243333042072,0.9,1.1972189997378648,1.2054009511326316,1.3,1.5670212364724212,0.7188172039209997,4.6,3.306559138036598,1.046091735224266,2.3,2.406010991015812,0.862452517404798,1.330243333042072,EXTREME
Lexie Hull,10,2025-05-17 to 2025-06-14,0.4558330766734953,9.8,4.4671641514002545,0.5701759859979316,4.3,2.4517567397911058,0.9409658158863512,1.6,1.505545305418162,0.5191911982388868,1.3,0.674948557710553,2.249828525701843,0.3,0.6749485577105528,0.6478835438717,1.5,0.97182531580755,0.4931041867563227,3.8,1.8737959096740262,0.9642122253007899,0.7,0.6749485577105528,0.855149319803415,2.249828525701843,EXTREME
Natasha Cloud,10,2025-05-17 to 2025-06-14,0.7926272058900998,9.0,7.133644853010899,0.4714045207910317,4.0,1.8856180831641267,0.3898592127155622,6.1,2.378141197564929,0.8606629658238705,1.8,1.5491933384829668,1.405456737852613,0.6,0.8432740427115678,1.0243938285880985,1.2,1.2292725943057181,0.8527905401676711,3.1,2.6436506745197805,1.0290907529357056,1.6,1.6465452046971292,0.8532857205955815,1.405456737852613,EXTREME
Veronica Burton,10,2025-05-17 to 2025-06-15,0.5787551402940032,11.9,6.887186169498639,0.6239539464829233,4.1,2.5582111805799856,0.5737753105492469,5.4,3.0983866769659336,1.0075163339804034,1.8,1.813529401164726,1.2909944487358056,0.4,0.5163977794943223,1.4296488196754653,0.9,1.286683937707919,0.7370277311900889,3.0,2.211083193570267,0.5249338582674541,5.0,2.6246692913372702,0.8458256986469239,1.4296488196754653,EXTREME
Odyssey Sims,10,2025-05-18 to 2025-06-12,0.8846857485789228,10.9,9.643074659510258,0.384147685720537,3.2,1.2292725943057183,0.32274861218395134,3.2,1.0327955589886444,1.1486707293408518,0.8,0.9189365834726815,,0.0,0.0,1.1653431646335017,1.2,1.398411797560202,0.8551443225285973,3.7,3.16403399335581,1.1235389822211195,2.3,2.5841396591085743,0.8406113207439259,1.1653431646335017,EXTREME
Chelsea Gray,10,2025-05-17 to 2025-06-15,0.3790872555854899,15.1,5.7242175593408975,0.6023945870843156,4.1,2.4698178070456938,0.4842780013815086,3.4,1.6465452046971292,0.733617369235792,1.6,1.1737877907772674,2.249828525701843,0.3,0.6749485577105528,0.8823455307737965,2.1,1.8529256146249728,0.4585437227560883,4.8,2.2010098692292237,0.7988842661750339,3.4,2.716206504995115,0.8236224073367334,2.249828525701843,EXTREME
Kennedy Burke,10,2025-05-17 to 2025-06-14,0.5093125620523357,9.2,4.685675570881488,0.6849348892187752,3.0,2.0548046676563256,0.7678340712665286,1.4,1.0749676997731399,1.2909944487358056,0.8,1.0327955589886446,0.9860132971832694,0.8,0.7888106377466155,0.802044171976313,1.9,1.5238839267549946,0.5365580623602,3.1,1.66332999331662,1.0004590314678288,1.1,1.1005049346146119,0.822268816782632,1.2909944487358056,EXTREME
Erica Wheeler,10,2025-05-20 to 2025-06-15,0.5500412199986534,10.8,5.940445175985458,0.46400625749800917,3.4,1.577621275493231,0.6356417261637282,4.4,2.7968235951204043,0.9642122253007899,0.7,0.6749485577105528,1.2909944487358054,0.4,0.5163977794943222,1.1697126706435625,1.1,1.286683937707919,0.5800344384304705,4.1,2.378141197564929,0.90267093384844,1.5,1.35400640077266,0.8196642400774323,1.2909944487358054,EXTREME
Dearica Hamby,10,2025-05-22 to 2025-06-14,0.3379501215635676,17.6,5.94792213951879,0.30513205492852785,7.6,2.3190036174568114,0.6490367655483559,4.3,2.79085809185793,1.1450040251495242,1.7,1.946506842754191,1.6101529717988263,0.6,0.9660917830792958,1.4142135623730951,0.5,0.7071067811865476,0.3343180720616743,6.5,2.173067468400883,0.48029448740624164,4.1,1.9692073983655907,0.7845127576037265,1.6101529717988263,EXTREME
Nyara Sabally,10,2024-09-08T00:00:00 to 2025-06-14,0.48273576910916033,7.8,3.7653389990514503,0.4714045207910316,4.5,2.1213203435596424,0.7905694150420948,0.8,0.6324555320336759,0.838419850555191,1.4,1.1737877907772674,1.4142135623730951,0.5,0.7071067811865476,,0.0,0.0,0.5735620666609035,2.9,1.66332999331662,0.8819171036881969,2.0,1.7638342073763937,0.7789746126028104,1.4142135623730951,EXTREME
Gabby Williams,10,2025-05-20 to 2025-06-15,0.28088533675339106,15.4,4.3256341860022225,0.36442354336567934,4.3,1.5670212364724212,0.49088806818566094,4.3,2.110818693198342,0.5984368987312575,2.2,1.3165611772087666,1.699673171197595,0.5,0.8498365855987975,0.649753964390142,2.3,1.4944341180973264,0.28341644764786755,6.1,1.728840330651992,1.8481444370184663,0.9,1.6633299933166197,0.7769527334112574,1.8481444370184663,EXTREME
Jonquel Jones,10,2024-09-15T00:00:00 to 2025-06-05,0.4974207959664678,12.4,6.168017869984201,0.42612252158297304,9.4,4.005551702879947,0.8010433677781893,2.7,2.1628170930011112,1.4142135623730951,0.5,0.7071067811865476,0.9035079029052513,1.4,1.2649110640673518,0.6478835438717,1.5,0.97182531580755,0.48152268430517275,4.4,2.1186998109427604,0.9377178087455194,2.1,1.9692073983655907,0.7636790234410461,1.4142135623730951,EXTREME
Elizabeth Williams,10,2025-05-17 to 2025-06-15,0.3980202744696416,6.4,2.5473297566057065,0.39086797998528583,4.0,1.5634719199411433,0.7678340712665286,1.4,1.0749676997731399,1.2909944487358056,0.8,1.0327955589886446,0.9728833730787925,0.9,0.8755950357709132,,0.0,0.0,0.541602560309064,2.5,1.35400640077266,0.9642122253007899,1.4,1.3498971154211057,0.7609164190208441,1.2909944487358056,EXTREME
Betnijah Laney-Hamilton,10,2024-08-26T00:00:00 to 2024-09-19T00:00:00,0.44969125210773464,10.0,4.496912521077347,0.5704915387022546,3.7,2.110818693198342,0.4702004204317024,2.8,1.3165611772087666,1.5133570078162575,0.7,1.0593499054713802,,0.0,0.0,0.7678340712665287,1.4,1.07496769977314,0.460839492511007,3.8,1.7511900715418265,1.0540925533894598,1.0,1.0540925533894598,0.7552151908892777,1.5133570078162575,EXTREME
DiJonai Carrington,10,2025-05-22 to 2025-06-14,0.38510140034598517,13.3,5.121848624601603,0.45145684260664126,5.2,2.3475755815545347,0.9403552578265701,2.3,2.1628170930011112,0.7297563831157798,1.3,0.9486832980505138,1.4142135623730951,0.5,0.7071067811865476,1.0004590314678288,1.1,1.1005049346146119,0.44911036025496637,4.7,2.110818693198342,0.6476890718445449,2.8,1.8135294011647258,0.7522677387294264,1.4142135623730951,EXTREME
Kayla Thornton,10,2025-05-17 to 2025-06-15,0.37639771526255267,14.4,5.420127099780759,0.4422680255363451,7.4,3.272783388968954,0.5160420110886789,1.1,0.5676462121975467,0.7212212207401567,1.9,1.3703203194062976,2.1081851067789197,0.2,0.42163702135578396,0.7905694150420948,1.6,1.2649110640673518,0.36570557974736356,4.9,1.7919573407620815,0.6849348892187752,3.0,2.0548046676563256,0.7506654954268608,2.1081851067789197,EXTREME
Marina Mabrey,10,2025-05-18 to 2025-06-15,0.4889152363715925,17.6,8.60490816014003,0.4865042554105199,5.2,2.5298221281347035,0.5520046569316588,3.8,2.0976176963403033,1.4142135623730951,0.5,0.7071067811865476,1.2909944487358054,0.4,0.5163977794943222,0.4994327848429293,2.8,1.398411797560202,0.5186804627789405,6.3,3.2676869155073254,0.7360580485752192,2.2,1.6193277068654823,0.7483504320024701,1.4142135623730951,EXTREME
Breanna Stewart,10,2025-05-17 to 2025-06-14,0.32991895838664587,19.5,6.433419688539594,0.5803782357305264,5.4,3.1340424729448424,0.5084322977157767,3.5,1.7795130420052185,0.9035079029052513,1.4,1.2649110640673518,0.7657804862272346,1.2,0.9189365834726815,1.7480147469502527,0.4,0.6992058987801011,0.43016881744291735,6.3,2.7100635498903793,0.6332866171912035,6.5,4.1163630117428225,0.7374360078187261,1.7480147469502527,EXTREME
Caitlin Clark,10,2024-09-08T00:00:00 to 2025-06-14,0.4152444975944079,21.1,8.761658899242008,0.44741888061313334,5.5,2.4608038433722332,0.2212592582433248,8.9,1.9692073983655907,0.9040262963743211,1.1,0.9944289260117533,2.249828525701843,0.6,1.3498971154211057,0.6858280887583013,3.3,2.263232692902394,0.3970285633591488,6.8,2.699794230842212,0.5701042855894594,4.2,2.394437999475729,0.7363422995292424,2.249828525701843,EXTREME
Sonia Citron,10,2025-05-18 to 2025-06-15,0.22035620626360602,12.8,2.8205594401741574,0.5587602701389628,4.4,2.4585451886114367,0.7817359599705717,2.0,1.5634719199411433,0.9728833730787924,0.9,0.8755950357709131,1.2909944487358054,0.4,0.5163977794943222,1.0288411614225066,1.3,1.3374935098492586,0.2667699524493789,4.4,1.1737877907772671,0.6544374459604233,2.7,1.766981104093143,0.7218473522525058,1.2909944487358054,EXTREME
Brittney Sykes,10,2025-05-16 to 2025-06-15,0.4224149139620411,19.4,8.194849330863597,0.48152268430517275,4.4,2.1186998109427604,0.30089031128281335,4.5,1.35400640077266,0.9428090415820634,1.0,0.9428090415820634,1.7480147469502527,0.4,0.6992058987801011,0.9428090415820634,1.0,0.9428090415820634,0.5016100354078403,5.1,2.5582111805799856,0.4177311407695977,8.2,3.425395354310701,0.7197252394802306,1.7480147469502527,EXTREME
Kahleah Copper,10,2024-08-21T00:00:00 to 2025-06-15,0.454277536675161,14.5,6.587024281789835,0.4015590679578894,4.2,1.6865480854231356,0.899626503814157,1.8,1.6193277068654826,1.165343164633502,0.6,0.6992058987801011,,0.0,0.0,0.7297563831157798,1.3,0.9486832980505138,0.4076461733205929,5.1,2.0789954839350235,0.9428090415820635,3.0,2.8284271247461903,0.7144311244427352,1.165343164633502,EXTREME
Ariel Atkins,10,2025-05-17 to 2025-06-15,0.5095748749286318,12.9,6.573515886579352,0.43822813208145306,3.6,1.577621275493231,0.6167582967612897,3.1,1.911950719959998,0.6307180135528295,1.8,1.1352924243950933,1.2909944487358054,0.4,0.5163977794943222,0.8461970117626564,1.5,1.2692955176439846,0.4829038818668629,4.5,2.173067468400883,0.837950173833242,2.4,2.0110804171997807,0.7066656041903463,1.2909944487358054,EXTREME
Ezi Magbegor,10,2025-05-20 to 2025-06-15,0.34397066343587285,8.2,2.820559440174157,0.14555031081988376,7.8,1.1352924243950933,0.48907824615719475,2.4,1.1737877907772674,1.7480147469502527,0.4,0.6992058987801011,0.7212212207401567,1.9,1.3703203194062976,,0.0,0.0,0.32349278797518904,3.8,1.2292725943057183,1.165343164633502,0.6,0.6992058987801011,0.705238734387436,1.7480147469502527,EXTREME
Kelsey Plum,10,2025-05-22 to 2025-06-14,0.3100653108864849,19.6,6.077280093375105,0.5780507550845425,3.1,1.7919573407620817,0.4626037911363202,5.6,2.590581230363393,1.075389503870116,1.4,1.5055453054181622,1.6101529717988265,0.3,0.48304589153964794,0.6773267518195162,2.7,1.8287822299126937,0.4006168083848877,6.0,2.4037008503093262,0.475704319375431,4.9,2.330951164939612,0.6987387765445157,1.6101529717988265,EXTREME
Jackie Young,10,2025-05-17 to 2025-06-15,0.4720569841078495,19.0,8.96908269804914,0.5049249739398951,3.9,1.9692073983655907,0.38414768572053687,3.2,1.2292725943057181,0.9035079029052513,1.4,1.2649110640673518,1.2909944487358056,0.4,0.5163977794943223,0.677202072477852,1.9,1.286683937707919,0.5240499688641009,6.3,3.3015148038438356,0.8198497637473576,4.5,3.689323936863109,0.6970917250623311,1.2909944487358056,EXTREME
Skylar Diggins,10,2025-05-20 to 2025-06-15,0.33268041934385695,17.8,5.921711464320654,0.7920619015793428,2.1,1.66332999331662,0.544999228860025,6.3,3.4334951418181574,0.6573421981221796,1.2,0.7888106377466155,1.4142135623730951,0.5,0.7071067811865476,1.0061539042374907,1.5,1.509230856356236,0.27919443221818663,5.8,1.6193277068654823,0.48153887083029656,4.7,2.263232692902394,0.6885230646955591,1.4142135623730951,EXTREME
Bria Hartley,10,2025-05-18 to 2025-06-15,0.3519719762761207,7.6,2.6749870196985173,0.899626503814157,1.8,1.6193277068654826,0.5855612217731332,3.2,1.8737959096740262,0.9428090415820634,1.0,0.9428090415820634,,0.0,0.0,0.816496580927726,1.0,0.816496580927726,0.45145684260664126,2.6,1.1737877907772674,0.7678340712665287,1.4,1.07496769977314,0.6879651768923386,0.9428090415820634,EXTREME
Nneka Ogwumike,10,2025-05-20 to 2025-06-15,0.4028974917877858,16.0,6.446359868604572,0.4217510235266804,8.6,3.6270588023294517,0.716894994460353,2.9,2.0789954839350235,0.6707861703387471,1.1,0.7378647873726218,1.4142135623730951,0.5,0.7071067811865476,0.816496580927726,1.0,0.816496580927726,0.4482011549279396,6.8,3.0477678535099892,0.49943278484292936,1.4,0.6992058987801011,0.6738342203981571,1.4142135623730951,EXTREME
Sabrina Ionescu,10,2025-05-17 to 2025-06-14,0.4353104813075844,19.5,8.488554385497896,0.5586334492221614,3.6,2.011080417199781,0.23474882347801268,5.1,1.1972189997378646,0.7856742013183862,1.5,1.1785113019775793,1.699673171197595,0.5,0.8498365855987975,0.6023386019368343,2.8,1.6865480854231358,0.44924705526766306,6.4,2.8751811537130436,0.5853296980603053,3.9,2.2827858224351907,0.6688694352235678,1.699673171197595,EXTREME
Allisha Gray,10,2025-05-20 to 2025-06-15,0.3597913814805772,20.6,7.411702458499891,0.2837941489894699,5.2,1.4757295747452437,0.36885555678165877,4.2,1.5491933384829668,0.9460770203292445,1.2,1.1352924243950933,1.6101529717988265,0.6,0.9660917830792959,0.8517254134881936,2.2,1.8737959096740262,0.2989217688716378,6.7,2.0027758514399734,0.565685424949238,5.0,2.8284271247461903,0.6606254608361057,1.6101529717988265,EXTREME
Rhyne Howard,10,2025-05-20 to 2025-06-15,0.5667450890996701,18.3,10.371435130523965,0.4791329788133908,5.5,2.6352313834736494,0.5631698326876942,4.6,2.590581230363393,0.6478835438717,1.5,0.97182531580755,0.8198497637473576,0.9,0.7378647873726218,0.7565649822656164,3.3,2.496664441476534,0.6186404847588913,6.0,3.711842908553348,0.6666666666666666,3.0,2.0,0.6398316677388733,0.8198497637473576,EXTREME
Kayla McBride,10,2024-09-13T00:00:00 to 2025-06-14,0.3708623034390892,14.2,5.266244708835067,0.6555055301063447,3.2,2.0976176963403033,0.5084693595154189,3.8,1.9321835661585918,0.5270462766947299,1.2,0.6324555320336759,,0.0,0.0,0.6254250255506523,2.8,1.7511900715418263,0.4663294438926825,4.1,1.911950719959998,0.9524274542218716,3.2,3.0477678535099892,0.5865807704886842,0.9524274542218716,EXTREME
A'ja Wilson,10,2024-09-15T00:00:00 to 2025-06-12,0.3476133118091449,21.7,7.5432088662584444,0.3726564510557715,9.3,3.465704994818675,0.3614847323916915,3.7,1.3374935098492586,0.6820598874872975,1.7,1.1595018087284057,0.5815189173257647,2.3,1.3374935098492586,1.2909944487358056,0.4,0.5163977794943223,0.47044945409167643,7.7,3.6224607965059086,0.5786480284325137,5.9,3.414023367751831,0.5856781539162081,1.2909944487358056,EXTREME
Alyssa Thomas,10,2024-09-15T00:00:00 to 2025-06-15,0.323707547202917,13.8,4.4671641514002545,0.37702002230945536,6.4,2.4129281427805145,0.37166725862920386,8.7,3.2335051500740732,0.5270462766947298,1.6,0.8432740427115678,1.1761037176408067,0.7,0.8232726023485646,,0.0,0.0,0.37067851716315176,5.8,2.14993539954628,0.7360580485752192,2.2,1.6193277068654823,0.5546116268879262,1.1761037176408067,EXTREME
Satou Sabally,10,2025-05-24 to 2025-06-15,0.22451154763356748,19.5,4.377975178854566,0.187812056606337,8.4,1.577621275493231,0.46746376600611095,3.1,1.449137674618944,0.8461970117626564,1.5,1.2692955176439846,1.2909944487358054,0.4,0.5163977794943222,0.7362738570791603,1.7,1.2516655570345725,0.24325212770525997,6.5,1.5811388300841898,0.4258252699098859,4.8,2.043961295567452,0.552791260679848,1.2909944487358054,EXTREME
Napheesa Collier,10,2025-05-16 to 2025-06-14,0.233719964521125,26.1,6.100091074001363,0.2667699524493789,8.8,2.3475755815545347,0.39073946839871665,3.9,1.5238839267549948,0.7453559924999299,2.0,1.4907119849998598,0.733617369235792,1.6,1.1737877907772674,0.7905694150420948,1.6,1.2649110640673518,0.20365108748076638,9.6,1.9550504398153572,0.6478292720411618,5.3,3.4334951418181574,0.5015315652086207,0.7905694150420948,EXTREME
