slip_id,player,team,prop_type,line,projection,pick,over_odds,under_odds,start_time,game_id,home_team,away_team,source,fetched_at,projection_id,flash_sale,is_promo
PP_5597512_20250708,Shakira Austin,WAS,Points,17.5,,,-110,-110,2025-07-08T11:30:00-04:00,77564,,,prizepicks,2025-07-08T08:44:40.809885,5597512,False,False
PP_5597514_20250708,Shakira Austin,WAS,Pts+Rebs,19.5,,,-110,-110,2025-07-08T11:30:00-04:00,77564,,,prizepicks,2025-07-08T08:44:40.809896,5597514,False,False
PP_5597509_20250708,Shakira Austin,WAS,Points,11.5,,,-110,-110,2025-07-08T11:30:00-04:00,77564,,,prizepicks,2025-07-08T08:44:40.809902,5597509,False,False
PP_5597513_20250708,Shakira Austin,WAS,Points,14.5,,,-110,-110,2025-07-08T11:30:00-04:00,77564,,,prizepicks,2025-07-08T08:44:40.809906,5597513,False,False
PP_5597515_20250708,Shakira Austin,WAS,Pts+Rebs,29.5,,,-110,-110,2025-07-08T11:30:00-04:00,77564,,,prizepicks,2025-07-08T08:44:40.809909,5597515,False,False
PP_5597258_20250708,Shakira Austin,WAS,Rebounds,7.5,,,-110,-110,2025-07-08T11:30:00-04:00,77564,,,prizepicks,2025-07-08T08:44:40.809913,5597258,False,False
PP_5597256_20250708,Shakira Austin,WAS,Rebounds,10.5,,,-110,-110,2025-07-08T11:30:00-04:00,77564,,,prizepicks,2025-07-08T08:44:40.809917,5597256,False,False
PP_5598292_20250708,Shakira Austin,WAS,Points,15.5,,,-110,-110,2025-07-08T11:30:00-04:00,77564,,,prizepicks,2025-07-08T08:44:40.809920,5598292,False,False
PP_5597257_20250708,Shakira Austin,WAS,Rebounds,9.5,,,-110,-110,2025-07-08T11:30:00-04:00,77564,,,prizepicks,2025-07-08T08:44:40.809924,5597257,False,False
PP_5597255_20250708,Shakira Austin,WAS,Rebounds,11.5,,,-110,-110,2025-07-08T11:30:00-04:00,77564,,,prizepicks,2025-07-08T08:44:40.809928,5597255,False,False
PP_5597259_20250708,Shakira Austin,WAS,Rebounds,5.5,,,-110,-110,2025-07-08T11:30:00-04:00,77564,,,prizepicks,2025-07-08T08:44:40.809933,5597259,False,False
PP_5597510_20250708,Shakira Austin,WAS,Points,9.5,,,-110,-110,2025-07-08T11:30:00-04:00,77564,,,prizepicks,2025-07-08T08:44:40.809936,5597510,False,False
PP_5597260_20250708,Shakira Austin,WAS,Rebounds,6.5,,,-110,-110,2025-07-08T11:30:00-04:00,77564,,,prizepicks,2025-07-08T08:44:40.809940,5597260,False,False
PP_5602386_20250708,Shakira Austin,WAS,Pts+Rebs,23.5,,,-110,-110,2025-07-08T11:30:00-04:00,77564,,,prizepicks,2025-07-08T08:44:40.809943,5602386,False,False
PP_5602319_20250708,Shakira Austin,WAS,Defensive Rebounds,5.0,,,-110,-110,2025-07-08T11:30:00-04:00,77564,,,prizepicks,2025-07-08T08:44:40.809947,5602319,False,False
PP_5597511_20250708,Shakira Austin,WAS,Points,19.5,,,-110,-110,2025-07-08T11:30:00-04:00,77564,,,prizepicks,2025-07-08T08:44:40.809950,5597511,False,False
PP_5597516_20250708,Shakira Austin,WAS,Pts+Rebs,24.5,,,-110,-110,2025-07-08T11:30:00-04:00,77564,,,prizepicks,2025-07-08T08:44:40.809953,5597516,False,False
PP_5597517_20250708,Shakira Austin,WAS,Pts+Rebs,22.0,,,-110,-110,2025-07-08T11:30:00-04:00,77564,,,prizepicks,2025-07-08T08:44:40.809957,5597517,False,False
PP_5602315_20250708,Shakira Austin,WAS,Offensive Rebounds,2.5,,,-110,-110,2025-07-08T11:30:00-04:00,77564,,,prizepicks,2025-07-08T08:44:40.809961,5602315,False,False
PP_5597248_20250708,Brittney Sykes,WAS,Rebounds,3.5,,,-110,-110,2025-07-08T11:30:00-04:00,77564,,,prizepicks,2025-07-08T08:44:40.809965,5597248,False,False
PP_5598288_20250708,Brittney Sykes,WAS,Rebs+Asts,7.5,,,-110,-110,2025-07-08T11:30:00-04:00,77564,,,prizepicks,2025-07-08T08:44:40.809968,5598288,False,False
PP_5598283_20250708,Brittney Sykes,WAS,Pts+Asts,29.5,,,-110,-110,2025-07-08T11:30:00-04:00,77564,,,prizepicks,2025-07-08T08:44:40.809972,5598283,False,False
PP_5600412_20250708,Brittney Sykes,WAS,Points,15.5,,,-110,-110,2025-07-08T11:30:00-04:00,77564,,,prizepicks,2025-07-08T08:44:40.809975,5600412,False,False
PP_5598287_20250708,Brittney Sykes,WAS,Rebs+Asts,6.5,,,-110,-110,2025-07-08T11:30:00-04:00,77564,,,prizepicks,2025-07-08T08:44:40.809979,5598287,False,False
PP_5597247_20250708,Brittney Sykes,WAS,Rebounds,4.5,,,-110,-110,2025-07-08T11:30:00-04:00,77564,,,prizepicks,2025-07-08T08:44:40.809982,5597247,False,False
PP_5597494_20250708,Brittney Sykes,WAS,Pts+Rebs,14.5,,,-110,-110,2025-07-08T11:30:00-04:00,77564,,,prizepicks,2025-07-08T08:44:40.809985,5597494,False,False
PP_5597495_20250708,Brittney Sykes,WAS,Pts+Rebs,24.5,,,-110,-110,2025-07-08T11:30:00-04:00,77564,,,prizepicks,2025-07-08T08:44:40.809989,5597495,False,False
PP_5599790_20250708,Brittney Sykes,WAS,Pts+Rebs,29.5,,,-110,-110,2025-07-08T11:30:00-04:00,77564,,,prizepicks,2025-07-08T08:44:40.809993,5599790,False,False
PP_5598284_20250708,Brittney Sykes,WAS,Pts+Asts,21.5,,,-110,-110,2025-07-08T11:30:00-04:00,77564,,,prizepicks,2025-07-08T08:44:40.809996,5598284,False,False
PP_5607531_20250708,Brittney Sykes,WAS,Pts+Rebs+Asts,24.5,,,-110,-110,2025-07-08T11:30:00-04:00,77564,,,prizepicks,2025-07-08T08:44:40.810000,5607531,False,False
PP_5601097_20250708,Brittney Sykes,WAS,Pts+Asts,22.5,,,-110,-110,2025-07-08T11:30:00-04:00,77564,,,prizepicks,2025-07-08T08:44:40.810003,5601097,False,False
PP_5597493_20250708,Brittney Sykes,WAS,Pts+Asts,24.5,,,-110,-110,2025-07-08T11:30:00-04:00,77564,,,prizepicks,2025-07-08T08:44:40.810007,5597493,False,False
PP_5597491_20250708,Brittney Sykes,WAS,Points,17.5,,,-110,-110,2025-07-08T11:30:00-04:00,77564,,,prizepicks,2025-07-08T08:44:40.810010,5597491,False,False
PP_5597492_20250708,Brittney Sykes,WAS,Points,16.5,,,-110,-110,2025-07-08T11:30:00-04:00,77564,,,prizepicks,2025-07-08T08:44:40.810014,5597492,False,False
PP_5597244_20250708,Brittney Sykes,WAS,Assists,5.5,,,-110,-110,2025-07-08T11:30:00-04:00,77564,,,prizepicks,2025-07-08T08:44:40.810017,5597244,False,False
PP_5597242_20250708,Brittney Sykes,WAS,Assists,7.5,,,-110,-110,2025-07-08T11:30:00-04:00,77564,,,prizepicks,2025-07-08T08:44:40.810020,5597242,False,False
PP_5597249_20250708,Brittney Sykes,WAS,Rebounds,2.5,,,-110,-110,2025-07-08T11:30:00-04:00,77564,,,prizepicks,2025-07-08T08:44:40.810024,5597249,False,False
PP_5597243_20250708,Brittney Sykes,WAS,Assists,6.5,,,-110,-110,2025-07-08T11:30:00-04:00,77564,,,prizepicks,2025-07-08T08:44:40.810027,5597243,False,False
PP_5598286_20250708,Brittney Sykes,WAS,Rebs+Asts,9.5,,,-110,-110,2025-07-08T11:30:00-04:00,77564,,,prizepicks,2025-07-08T08:44:40.810030,5598286,False,False
PP_5597488_20250708,Brittney Sykes,WAS,Points,11.5,,,-110,-110,2025-07-08T11:30:00-04:00,77564,,,prizepicks,2025-07-08T08:44:40.810034,5597488,False,False
PP_5597489_20250708,Brittney Sykes,WAS,Points,14.5,,,-110,-110,2025-07-08T11:30:00-04:00,77564,,,prizepicks,2025-07-08T08:44:40.810037,5597489,False,False
PP_5597245_20250708,Brittney Sykes,WAS,Rebounds,6.5,,,-110,-110,2025-07-08T11:30:00-04:00,77564,,,prizepicks,2025-07-08T08:44:40.810041,5597245,False,False
PP_5597499_20250708,Brittney Sykes,WAS,Pts+Rebs+Asts,25.5,,,-110,-110,2025-07-08T11:30:00-04:00,77564,,,prizepicks,2025-07-08T08:44:40.810044,5597499,False,False
PP_5597497_20250708,Brittney Sykes,WAS,Pts+Rebs+Asts,19.5,,,-110,-110,2025-07-08T11:30:00-04:00,77564,,,prizepicks,2025-07-08T08:44:40.810049,5597497,False,False
PP_5597496_20250708,Brittney Sykes,WAS,Pts+Rebs,20.5,,,-110,-110,2025-07-08T11:30:00-04:00,77564,,,prizepicks,2025-07-08T08:44:40.810052,5597496,False,False
PP_5597498_20250708,Brittney Sykes,WAS,Pts+Rebs+Asts,29.5,,,-110,-110,2025-07-08T11:30:00-04:00,77564,,,prizepicks,2025-07-08T08:44:40.810056,5597498,False,False
PP_5597490_20250708,Brittney Sykes,WAS,Points,19.5,,,-110,-110,2025-07-08T11:30:00-04:00,77564,,,prizepicks,2025-07-08T08:44:40.810059,5597490,False,False
PP_5599789_20250708,Brittney Sykes,WAS,Pts+Asts,19.5,,,-110,-110,2025-07-08T11:30:00-04:00,77564,,,prizepicks,2025-07-08T08:44:40.810062,5599789,False,False
PP_5597486_20250708,Brittney Sykes,WAS,Assists,3.5,,,-110,-110,2025-07-08T11:30:00-04:00,77564,,,prizepicks,2025-07-08T08:44:40.810065,5597486,False,False
PP_5599791_20250708,Brittney Sykes,WAS,Pts+Rebs+Asts,34.5,,,-110,-110,2025-07-08T11:30:00-04:00,77564,,,prizepicks,2025-07-08T08:44:40.810069,5599791,False,False
PP_5597246_20250708,Brittney Sykes,WAS,Rebounds,5.5,,,-110,-110,2025-07-08T11:30:00-04:00,77564,,,prizepicks,2025-07-08T08:44:40.810073,5597246,False,False
PP_5607216_20250708,Rachel Banham,CHI,Points,9.5,,,-110,-110,2025-07-08T11:30:00-04:00,77564,,,prizepicks,2025-07-08T08:44:40.810076,5607216,False,False
PP_5607576_20250708,Rachel Banham,CHI,Points,17.5,,,-110,-110,2025-07-08T11:30:00-04:00,77564,,,prizepicks,2025-07-08T08:44:40.810079,5607576,False,False
PP_5607577_20250708,Rachel Banham,CHI,Points,11.5,,,-110,-110,2025-07-08T11:30:00-04:00,77564,,,prizepicks,2025-07-08T08:44:40.810083,5607577,False,False
PP_5607575_20250708,Rachel Banham,CHI,Points,7.5,,,-110,-110,2025-07-08T11:30:00-04:00,77564,,,prizepicks,2025-07-08T08:44:40.810086,5607575,False,False
PP_5607215_20250708,Rachel Banham,CHI,Points,14.5,,,-110,-110,2025-07-08T11:30:00-04:00,77564,,,prizepicks,2025-07-08T08:44:40.810089,5607215,False,False
PP_5597234_20250708,Angel Reese,CHI,Rebounds,12.5,,,-110,-110,2025-07-08T11:30:00-04:00,77564,,,prizepicks,2025-07-08T08:44:40.810106,5597234,False,False
PP_5597229_20250708,Angel Reese,CHI,Assists,5.5,,,-110,-110,2025-07-08T11:30:00-04:00,77564,,,prizepicks,2025-07-08T08:44:40.810110,5597229,False,False
PP_5597231_20250708,Angel Reese,CHI,Rebounds,19.5,,,-110,-110,2025-07-08T11:30:00-04:00,77564,,,prizepicks,2025-07-08T08:44:40.810114,5597231,False,False
PP_5597232_20250708,Angel Reese,CHI,Rebounds,18.5,,,-110,-110,2025-07-08T11:30:00-04:00,77564,,,prizepicks,2025-07-08T08:44:40.810118,5597232,False,False
PP_5597230_20250708,Angel Reese,CHI,Assists,4.5,,,-110,-110,2025-07-08T11:30:00-04:00,77564,,,prizepicks,2025-07-08T08:44:40.810122,5597230,False,False
PP_5597228_20250708,Angel Reese,CHI,Assists,6.5,,,-110,-110,2025-07-08T11:30:00-04:00,77564,,,prizepicks,2025-07-08T08:44:40.810125,5597228,False,False
PP_5597441_20250708,Angel Reese,CHI,Assists,2.5,,,-110,-110,2025-07-08T11:30:00-04:00,77564,,,prizepicks,2025-07-08T08:44:40.810129,5597441,False,False
PP_5597445_20250708,Angel Reese,CHI,Points,17.5,,,-110,-110,2025-07-08T11:30:00-04:00,77564,,,prizepicks,2025-07-08T08:44:40.810132,5597445,False,False
PP_5607556_20250708,Angel Reese,CHI,Pts+Asts,23.5,,,-110,-110,2025-07-08T11:30:00-04:00,77564,,,prizepicks,2025-07-08T08:44:40.810135,5607556,False,False
PP_5602381_20250708,Angel Reese,CHI,Steals,1.5,,,-110,-110,2025-07-08T11:30:00-04:00,77564,,,prizepicks,2025-07-08T08:44:40.810139,5602381,False,False
PP_5597450_20250708,Angel Reese,CHI,Pts+Asts,18.5,,,-110,-110,2025-07-08T11:30:00-04:00,77564,,,prizepicks,2025-07-08T08:44:40.810142,5597450,False,False
PP_5597456_20250708,Angel Reese,CHI,Pts+Rebs+Asts,39.5,,,-110,-110,2025-07-08T11:30:00-04:00,77564,,,prizepicks,2025-07-08T08:44:40.810146,5597456,False,False
PP_5597451_20250708,Angel Reese,CHI,Pts+Rebs,24.5,,,-110,-110,2025-07-08T11:30:00-04:00,77564,,,prizepicks,2025-07-08T08:44:40.810149,5597451,False,False
PP_5597446_20250708,Angel Reese,CHI,Points,14.0,,,-110,-110,2025-07-08T11:30:00-04:00,77564,,,prizepicks,2025-07-08T08:44:40.810160,5597446,False,False
PP_5602340_20250708,Angel Reese,CHI,Free Throws Made,3.5,,,-110,-110,2025-07-08T11:30:00-04:00,77564,,,prizepicks,2025-07-08T08:44:40.810163,5602340,False,False
PP_5597449_20250708,Angel Reese,CHI,Pts+Asts,19.5,,,-110,-110,2025-07-08T11:30:00-04:00,77564,,,prizepicks,2025-07-08T08:44:40.810167,5597449,False,False
PP_5597453_20250708,Angel Reese,CHI,Pts+Rebs,34.5,,,-110,-110,2025-07-08T11:30:00-04:00,77564,,,prizepicks,2025-07-08T08:44:40.810171,5597453,False,False
PP_5607555_20250708,Angel Reese,CHI,Pts+Asts,17.5,,,-110,-110,2025-07-08T11:30:00-04:00,77564,,,prizepicks,2025-07-08T08:44:40.810174,5607555,False,False
PP_5597448_20250708,Angel Reese,CHI,Pts+Asts,24.5,,,-110,-110,2025-07-08T11:30:00-04:00,77564,,,prizepicks,2025-07-08T08:44:40.810177,5597448,False,False
PP_5597452_20250708,Angel Reese,CHI,Pts+Rebs,39.5,,,-110,-110,2025-07-08T11:30:00-04:00,77564,,,prizepicks,2025-07-08T08:44:40.810181,5597452,False,False
PP_5607554_20250708,Angel Reese,CHI,Pts+Asts,15.5,,,-110,-110,2025-07-08T11:30:00-04:00,77564,,,prizepicks,2025-07-08T08:44:40.810185,5607554,False,False
PP_5598275_20250708,Angel Reese,CHI,Pts+Rebs+Asts,44.5,,,-110,-110,2025-07-08T11:30:00-04:00,77564,,,prizepicks,2025-07-08T08:44:40.810188,5598275,False,False
PP_5597458_20250708,Angel Reese,CHI,Pts+Rebs+Asts,32.5,,,-110,-110,2025-07-08T11:30:00-04:00,77564,,,prizepicks,2025-07-08T08:44:40.810192,5597458,False,False
PP_5607587_20250708,Angel Reese,CHI,Points,12.5,,,-110,-110,2025-07-08T11:30:00-04:00,77564,,,prizepicks,2025-07-08T08:44:40.810196,5607587,False,False
PP_5597447_20250708,Angel Reese,CHI,Pts+Asts,14.5,,,-110,-110,2025-07-08T11:30:00-04:00,77564,,,prizepicks,2025-07-08T08:44:40.810199,5597447,False,False
PP_5597235_20250708,Angel Reese,CHI,Rebounds,11.5,,,-110,-110,2025-07-08T11:30:00-04:00,77564,,,prizepicks,2025-07-08T08:44:40.810202,5597235,False,False
PP_5597455_20250708,Angel Reese,CHI,Pts+Rebs+Asts,29.5,,,-110,-110,2025-07-08T11:30:00-04:00,77564,,,prizepicks,2025-07-08T08:44:40.810205,5597455,False,False
PP_5607574_20250708,Angel Reese,CHI,Rebounds,13.5,,,-110,-110,2025-07-08T11:30:00-04:00,77564,,,prizepicks,2025-07-08T08:44:40.810209,5607574,False,False
PP_5597444_20250708,Angel Reese,CHI,Points,19.5,,,-110,-110,2025-07-08T11:30:00-04:00,77564,,,prizepicks,2025-07-08T08:44:40.810212,5597444,False,False
PP_5597454_20250708,Angel Reese,CHI,Pts+Rebs,28.5,,,-110,-110,2025-07-08T11:30:00-04:00,77564,,,prizepicks,2025-07-08T08:44:40.810216,5597454,False,False
PP_5607557_20250708,Angel Reese,CHI,Pts+Rebs,29.5,,,-110,-110,2025-07-08T11:30:00-04:00,77564,,,prizepicks,2025-07-08T08:44:40.810219,5607557,False,False
PP_5598276_20250708,Angel Reese,CHI,Rebs+Asts,21.5,,,-110,-110,2025-07-08T11:30:00-04:00,77564,,,prizepicks,2025-07-08T08:44:40.810222,5598276,False,False
PP_5599914_20250708,Angel Reese,CHI,Points,13.5,,,-110,-110,2025-07-08T11:30:00-04:00,77564,,,prizepicks,2025-07-08T08:44:40.810225,5599914,False,False
PP_5598278_20250708,Angel Reese,CHI,Rebs+Asts,15.5,,,-110,-110,2025-07-08T11:30:00-04:00,77564,,,prizepicks,2025-07-08T08:44:40.810229,5598278,False,False
PP_5597443_20250708,Angel Reese,CHI,Points,11.5,,,-110,-110,2025-07-08T11:30:00-04:00,77564,,,prizepicks,2025-07-08T08:44:40.810232,5597443,False,False
PP_5597442_20250708,Angel Reese,CHI,Assists,3.5,,,-110,-110,2025-07-08T11:30:00-04:00,77564,,,prizepicks,2025-07-08T08:44:40.810237,5597442,False,False
PP_5597457_20250708,Angel Reese,CHI,Pts+Rebs+Asts,34.5,,,-110,-110,2025-07-08T11:30:00-04:00,77564,,,prizepicks,2025-07-08T08:44:40.810242,5597457,False,False
PP_5602317_20250708,Angel Reese,CHI,Defensive Rebounds,9.5,,,-110,-110,2025-07-08T11:30:00-04:00,77564,,,prizepicks,2025-07-08T08:44:40.810246,5602317,False,False
PP_5602400_20250708,Angel Reese,CHI,Turnovers,3.5,,,-110,-110,2025-07-08T11:30:00-04:00,77564,,,prizepicks,2025-07-08T08:44:40.810249,5602400,False,False
PP_5602310_20250708,Angel Reese,CHI,Offensive Rebounds,4.5,,,-110,-110,2025-07-08T11:30:00-04:00,77564,,,prizepicks,2025-07-08T08:44:40.810253,5602310,False,False
PP_5598277_20250708,Angel Reese,CHI,Rebs+Asts,19.5,,,-110,-110,2025-07-08T11:30:00-04:00,77564,,,prizepicks,2025-07-08T08:44:40.810256,5598277,False,False
PP_5597233_20250708,Angel Reese,CHI,Rebounds,17.5,,,-110,-110,2025-07-08T11:30:00-04:00,77564,,,prizepicks,2025-07-08T08:44:40.810259,5597233,False,False
PP_5597471_20250708,Ariel Atkins,CHI,Pts+Asts,17.5,,,-110,-110,2025-07-08T11:30:00-04:00,77564,,,prizepicks,2025-07-08T08:44:40.810263,5597471,False,False
PP_5597478_20250708,Ariel Atkins,CHI,Pts+Rebs,24.5,,,-110,-110,2025-07-08T11:30:00-04:00,77564,,,prizepicks,2025-07-08T08:44:40.810267,5597478,False,False
PP_5597468_20250708,Ariel Atkins,CHI,Points,15.5,,,-110,-110,2025-07-08T11:30:00-04:00,77564,,,prizepicks,2025-07-08T08:44:40.810270,5597468,False,False
PP_5597462_20250708,Ariel Atkins,CHI,Assists,2.5,,,-110,-110,2025-07-08T11:30:00-04:00,77564,,,prizepicks,2025-07-08T08:44:40.810274,5597462,False,False
PP_5597472_20250708,Ariel Atkins,CHI,Pts+Asts,24.5,,,-110,-110,2025-07-08T11:30:00-04:00,77564,,,prizepicks,2025-07-08T08:44:40.810277,5597472,False,False
PP_5597465_20250708,Ariel Atkins,CHI,Points,19.5,,,-110,-110,2025-07-08T11:30:00-04:00,77564,,,prizepicks,2025-07-08T08:44:40.810280,5597465,False,False
PP_5597470_20250708,Ariel Atkins,CHI,Pts+Asts,14.5,,,-110,-110,2025-07-08T11:30:00-04:00,77564,,,prizepicks,2025-07-08T08:44:40.810283,5597470,False,False
PP_5598281_20250708,Ariel Atkins,CHI,Rebs+Asts,5.5,,,-110,-110,2025-07-08T11:30:00-04:00,77564,,,prizepicks,2025-07-08T08:44:40.810286,5598281,False,False
PP_5597460_20250708,Ariel Atkins,CHI,3-PT Made,2.5,,,-110,-110,2025-07-08T11:30:00-04:00,77564,,,prizepicks,2025-07-08T08:44:40.810290,5597460,False,False
PP_5597239_20250708,Ariel Atkins,CHI,Rebounds,4.5,,,-110,-110,2025-07-08T11:30:00-04:00,77564,,,prizepicks,2025-07-08T08:44:40.810293,5597239,False,False
PP_5597481_20250708,Ariel Atkins,CHI,Pts+Rebs+Asts,19.5,,,-110,-110,2025-07-08T11:30:00-04:00,77564,,,prizepicks,2025-07-08T08:44:40.810296,5597481,False,False
PP_5603631_20250708,Ariel Atkins,CHI,Assists,6.5,,,-110,-110,2025-07-08T11:30:00-04:00,77564,,,prizepicks,2025-07-08T08:44:40.810300,5603631,False,False
PP_5597240_20250708,Ariel Atkins,CHI,Rebounds,3.5,,,-110,-110,2025-07-08T11:30:00-04:00,77564,,,prizepicks,2025-07-08T08:44:40.810304,5597240,False,False
PP_5597463_20250708,Ariel Atkins,CHI,Assists,3.5,,,-110,-110,2025-07-08T11:30:00-04:00,77564,,,prizepicks,2025-07-08T08:44:40.810307,5597463,False,False
PP_5607479_20250708,Ariel Atkins,CHI,3-PT Made,1.5,,,-110,-110,2025-07-08T11:30:00-04:00,77564,,,prizepicks,2025-07-08T08:44:40.810310,5607479,False,False
PP_5597485_20250708,Ariel Atkins,CHI,Rebs+Asts,6.5,,,-110,-110,2025-07-08T11:30:00-04:00,77564,,,prizepicks,2025-07-08T08:44:40.810313,5597485,False,False
PP_5597459_20250708,Ariel Atkins,CHI,3-PT Made,0.5,,,-110,-110,2025-07-08T11:30:00-04:00,77564,,,prizepicks,2025-07-08T08:44:40.810317,5597459,False,False
PP_5597482_20250708,Ariel Atkins,CHI,Pts+Rebs+Asts,29.5,,,-110,-110,2025-07-08T11:30:00-04:00,77564,,,prizepicks,2025-07-08T08:44:40.810321,5597482,False,False
PP_5597464_20250708,Ariel Atkins,CHI,Points,11.5,,,-110,-110,2025-07-08T11:30:00-04:00,77564,,,prizepicks,2025-07-08T08:44:40.810324,5597464,False,False
PP_5602372_20250708,Ariel Atkins,CHI,FG Attempted,12.5,,,-110,-110,2025-07-08T11:30:00-04:00,77564,,,prizepicks,2025-07-08T08:44:40.810328,5602372,False,False
PP_5597483_20250708,Ariel Atkins,CHI,Pts+Rebs+Asts,24.5,,,-110,-110,2025-07-08T11:30:00-04:00,77564,,,prizepicks,2025-07-08T08:44:40.810331,5597483,False,False
PP_5597477_20250708,Ariel Atkins,CHI,Pts+Rebs,14.5,,,-110,-110,2025-07-08T11:30:00-04:00,77564,,,prizepicks,2025-07-08T08:44:40.810335,5597477,False,False
PP_5602341_20250708,Ariel Atkins,CHI,Free Throws Made,2.5,,,-110,-110,2025-07-08T11:30:00-04:00,77564,,,prizepicks,2025-07-08T08:44:40.810339,5602341,False,False
PP_5598280_20250708,Ariel Atkins,CHI,Rebs+Asts,8.5,,,-110,-110,2025-07-08T11:30:00-04:00,77564,,,prizepicks,2025-07-08T08:44:40.810342,5598280,False,False
PP_5597466_20250708,Ariel Atkins,CHI,Points,17.5,,,-110,-110,2025-07-08T11:30:00-04:00,77564,,,prizepicks,2025-07-08T08:44:40.810346,5597466,False,False
PP_5597484_20250708,Ariel Atkins,CHI,Pts+Rebs+Asts,22.5,,,-110,-110,2025-07-08T11:30:00-04:00,77564,,,prizepicks,2025-07-08T08:44:40.810349,5597484,False,False
PP_5597475_20250708,Ariel Atkins,CHI,Pts+Asts,18.5,,,-110,-110,2025-07-08T11:30:00-04:00,77564,,,prizepicks,2025-07-08T08:44:40.810352,5597475,False,False
PP_5597241_20250708,Ariel Atkins,CHI,Rebounds,2.5,,,-110,-110,2025-07-08T11:30:00-04:00,77564,,,prizepicks,2025-07-08T08:44:40.810355,5597241,False,False
PP_5597238_20250708,Ariel Atkins,CHI,Rebounds,5.5,,,-110,-110,2025-07-08T11:30:00-04:00,77564,,,prizepicks,2025-07-08T08:44:40.810359,5597238,False,False
PP_5597237_20250708,Ariel Atkins,CHI,Assists,4.5,,,-110,-110,2025-07-08T11:30:00-04:00,77564,,,prizepicks,2025-07-08T08:44:40.810362,5597237,False,False
PP_5597236_20250708,Ariel Atkins,CHI,Assists,5.5,,,-110,-110,2025-07-08T11:30:00-04:00,77564,,,prizepicks,2025-07-08T08:44:40.810365,5597236,False,False
PP_5597505_20250708,Kiki Iriafen,WAS,Pts+Rebs,14.5,,,-110,-110,2025-07-08T11:30:00-04:00,77564,,,prizepicks,2025-07-08T08:44:40.810370,5597505,False,False
PP_5597500_20250708,Kiki Iriafen,WAS,Points,9.5,,,-110,-110,2025-07-08T11:30:00-04:00,77564,,,prizepicks,2025-07-08T08:44:40.810374,5597500,False,False
PP_5607563_20250708,Kiki Iriafen,WAS,Points,10.5,,,-110,-110,2025-07-08T11:30:00-04:00,77564,,,prizepicks,2025-07-08T08:44:40.810378,5607563,False,False
PP_5597506_20250708,Kiki Iriafen,WAS,Pts+Rebs,24.5,,,-110,-110,2025-07-08T11:30:00-04:00,77564,,,prizepicks,2025-07-08T08:44:40.810381,5597506,False,False
PP_5597250_20250708,Kiki Iriafen,WAS,Rebounds,10.5,,,-110,-110,2025-07-08T11:30:00-04:00,77564,,,prizepicks,2025-07-08T08:44:40.810384,5597250,False,False
PP_5597503_20250708,Kiki Iriafen,WAS,Points,14.5,,,-110,-110,2025-07-08T11:30:00-04:00,77564,,,prizepicks,2025-07-08T08:44:40.810387,5597503,False,False
PP_5597254_20250708,Kiki Iriafen,WAS,Rebounds,6.5,,,-110,-110,2025-07-08T11:30:00-04:00,77564,,,prizepicks,2025-07-08T08:44:40.810391,5597254,False,False
PP_5597253_20250708,Kiki Iriafen,WAS,Rebounds,5.5,,,-110,-110,2025-07-08T11:30:00-04:00,77564,,,prizepicks,2025-07-08T08:44:40.810394,5597253,False,False
PP_5597507_20250708,Kiki Iriafen,WAS,Pts+Rebs,19.5,,,-110,-110,2025-07-08T11:30:00-04:00,77564,,,prizepicks,2025-07-08T08:44:40.810397,5597507,False,False
PP_5597502_20250708,Kiki Iriafen,WAS,Points,17.5,,,-110,-110,2025-07-08T11:30:00-04:00,77564,,,prizepicks,2025-07-08T08:44:40.810401,5597502,False,False
PP_5597501_20250708,Kiki Iriafen,WAS,Points,7.5,,,-110,-110,2025-07-08T11:30:00-04:00,77564,,,prizepicks,2025-07-08T08:44:40.810405,5597501,False,False
PP_5598291_20250708,Kiki Iriafen,WAS,Pts+Rebs,17.5,,,-110,-110,2025-07-08T11:30:00-04:00,77564,,,prizepicks,2025-07-08T08:44:40.810408,5598291,False,False
PP_5597508_20250708,Kiki Iriafen,WAS,Pts+Rebs,18.5,,,-110,-110,2025-07-08T11:30:00-04:00,77564,,,prizepicks,2025-07-08T08:44:40.810411,5597508,False,False
PP_5602404_20250708,Kiki Iriafen,WAS,Turnovers,1.5,,,-110,-110,2025-07-08T11:30:00-04:00,77564,,,prizepicks,2025-07-08T08:44:40.810414,5602404,False,False
PP_5597504_20250708,Kiki Iriafen,WAS,Points,11.5,,,-110,-110,2025-07-08T11:30:00-04:00,77564,,,prizepicks,2025-07-08T08:44:40.810418,5597504,False,False
PP_5597252_20250708,Kiki Iriafen,WAS,Rebounds,8.5,,,-110,-110,2025-07-08T11:30:00-04:00,77564,,,prizepicks,2025-07-08T08:44:40.810421,5597252,False,False
PP_5598290_20250708,Kiki Iriafen,WAS,Pts+Rebs,15.5,,,-110,-110,2025-07-08T11:30:00-04:00,77564,,,prizepicks,2025-07-08T08:44:40.810424,5598290,False,False
PP_5598289_20250708,Kiki Iriafen,WAS,Pts+Rebs,23.5,,,-110,-110,2025-07-08T11:30:00-04:00,77564,,,prizepicks,2025-07-08T08:44:40.810427,5598289,False,False
PP_5602320_20250708,Kiki Iriafen,WAS,Defensive Rebounds,4.5,,,-110,-110,2025-07-08T11:30:00-04:00,77564,,,prizepicks,2025-07-08T08:44:40.810430,5602320,False,False
PP_5602316_20250708,Kiki Iriafen,WAS,Offensive Rebounds,2.5,,,-110,-110,2025-07-08T11:30:00-04:00,77564,,,prizepicks,2025-07-08T08:44:40.810434,5602316,False,False
PP_5602351_20250708,Kiki Iriafen,WAS,Free Throws Made,3.0,,,-110,-110,2025-07-08T11:30:00-04:00,77564,,,prizepicks,2025-07-08T08:44:40.810438,5602351,False,False
PP_5597251_20250708,Kiki Iriafen,WAS,Rebounds,9.5,,,-110,-110,2025-07-08T11:30:00-04:00,77564,,,prizepicks,2025-07-08T08:44:40.810441,5597251,False,False
PP_5597530_20250708,Sonia Citron,WAS,Pts+Rebs,23.5,,,-110,-110,2025-07-08T11:30:00-04:00,77564,,,prizepicks,2025-07-08T08:44:40.810444,5597530,False,False
PP_5597518_20250708,Sonia Citron,WAS,3-PT Made,0.5,,,-110,-110,2025-07-08T11:30:00-04:00,77564,,,prizepicks,2025-07-08T08:44:40.810449,5597518,False,False
PP_5602399_20250708,Sonia Citron,WAS,Blks+Stls,1.5,,,-110,-110,2025-07-08T11:30:00-04:00,77564,,,prizepicks,2025-07-08T08:44:40.810452,5602399,False,False
PP_5597525_20250708,Sonia Citron,WAS,Points,14.5,,,-110,-110,2025-07-08T11:30:00-04:00,77564,,,prizepicks,2025-07-08T08:44:40.810455,5597525,False,False
PP_5597523_20250708,Sonia Citron,WAS,Points,19.5,,,-110,-110,2025-07-08T11:30:00-04:00,77564,,,prizepicks,2025-07-08T08:44:40.810458,5597523,False,False
PP_5597529_20250708,Sonia Citron,WAS,Pts+Rebs,24.5,,,-110,-110,2025-07-08T11:30:00-04:00,77564,,,prizepicks,2025-07-08T08:44:40.810461,5597529,False,False
PP_5602405_20250708,Sonia Citron,WAS,Turnovers,1.5,,,-110,-110,2025-07-08T11:30:00-04:00,77564,,,prizepicks,2025-07-08T08:44:40.810464,5602405,False,False
PP_5597527_20250708,Sonia Citron,WAS,Pts+Rebs,14.5,,,-110,-110,2025-07-08T11:30:00-04:00,77564,,,prizepicks,2025-07-08T08:44:40.810467,5597527,False,False
PP_5597526_20250708,Sonia Citron,WAS,Pts+Rebs,15.5,,,-110,-110,2025-07-08T11:30:00-04:00,77564,,,prizepicks,2025-07-08T08:44:40.810472,5597526,False,False
PP_5597531_20250708,Sonia Citron,WAS,Pts+Rebs,21.5,,,-110,-110,2025-07-08T11:30:00-04:00,77564,,,prizepicks,2025-07-08T08:44:40.810475,5597531,False,False
PP_5600785_20250708,Sonia Citron,WAS,Points,12.5,,,-110,-110,2025-07-08T11:30:00-04:00,77564,,,prizepicks,2025-07-08T08:44:40.810478,5600785,False,False
PP_5597263_20250708,Sonia Citron,WAS,Rebounds,5.5,,,-110,-110,2025-07-08T11:30:00-04:00,77564,,,prizepicks,2025-07-08T08:44:40.810481,5597263,False,False
PP_5602326_20250708,Sonia Citron,WAS,3-PT Attempted,4.5,,,-110,-110,2025-07-08T11:30:00-04:00,77564,,,prizepicks,2025-07-08T08:44:40.810485,5602326,False,False
PP_5597264_20250708,Sonia Citron,WAS,Rebounds,3.5,,,-110,-110,2025-07-08T11:30:00-04:00,77564,,,prizepicks,2025-07-08T08:44:40.810488,5597264,False,False
PP_5601939_20250708,Sonia Citron,WAS,Rebounds,4.5,,,-110,-110,2025-07-08T11:30:00-04:00,77564,,,prizepicks,2025-07-08T08:44:40.810491,5601939,False,False
PP_5597522_20250708,Sonia Citron,WAS,Points,11.5,,,-110,-110,2025-07-08T11:30:00-04:00,77564,,,prizepicks,2025-07-08T08:44:40.810494,5597522,False,False
PP_5597261_20250708,Sonia Citron,WAS,Rebounds,7.5,,,-110,-110,2025-07-08T11:30:00-04:00,77564,,,prizepicks,2025-07-08T08:44:40.810497,5597261,False,False
PP_5597521_20250708,Sonia Citron,WAS,Points,9.5,,,-110,-110,2025-07-08T11:30:00-04:00,77564,,,prizepicks,2025-07-08T08:44:40.810500,5597521,False,False
PP_5597520_20250708,Sonia Citron,WAS,3-PT Made,1.5,,,-110,-110,2025-07-08T11:30:00-04:00,77564,,,prizepicks,2025-07-08T08:44:40.810504,5597520,False,False
PP_5597524_20250708,Sonia Citron,WAS,Points,17.5,,,-110,-110,2025-07-08T11:30:00-04:00,77564,,,prizepicks,2025-07-08T08:44:40.810512,5597524,False,False
PP_5607478_20250708,Sonia Citron,WAS,3-PT Made,1.5,,,-110,-110,2025-07-08T11:30:00-04:00,77564,,,prizepicks,2025-07-08T08:44:40.810515,5607478,False,False
PP_5597519_20250708,Sonia Citron,WAS,3-PT Made,2.5,,,-110,-110,2025-07-08T11:30:00-04:00,77564,,,prizepicks,2025-07-08T08:44:40.810519,5597519,False,False
PP_5597262_20250708,Sonia Citron,WAS,Rebounds,6.5,,,-110,-110,2025-07-08T11:30:00-04:00,77564,,,prizepicks,2025-07-08T08:44:40.810524,5597262,False,False
PP_5599031_20250708,Sonia Citron,WAS,Points,13.5,,,-110,-110,2025-07-08T11:30:00-04:00,77564,,,prizepicks,2025-07-08T08:44:40.810527,5599031,False,False
PP_5602352_20250708,Sonia Citron,WAS,Free Throws Made,3.0,,,-110,-110,2025-07-08T11:30:00-04:00,77564,,,prizepicks,2025-07-08T08:44:40.810531,5602352,False,False
PP_5598939_20250708,Shakira Austin,WAS,Fantasy Score,30.0,,,-110,-110,2025-07-08T11:30:00-04:00,77564,,,prizepicks,2025-07-08T08:44:40.810535,5598939,False,False
PP_5598912_20250708,Shakira Austin,WAS,Pts+Rebs+Asts,23.5,,,-110,-110,2025-07-08T11:30:00-04:00,77564,,,prizepicks,2025-07-08T08:44:40.810538,5598912,False,False
PP_5598908_20250708,Brittney Sykes,WAS,Rebs+Asts,8.0,,,-110,-110,2025-07-08T11:30:00-04:00,77564,,,prizepicks,2025-07-08T08:44:40.810541,5598908,False,False
PP_5598940_20250708,Brittney Sykes,WAS,Fantasy Score,30.0,,,-110,-110,2025-07-08T11:30:00-04:00,77564,,,prizepicks,2025-07-08T08:44:40.810545,5598940,False,False
PP_5603864_20250708,Ariel Atkins + Brittney Sykes,CHI/WAS,Points (Combo),31.5,,,-110,-110,2025-07-08T11:30:00-04:00,77564,,,prizepicks,2025-07-08T08:44:40.810548,5603864,False,False
PP_5603866_20250708,Ariel Atkins + Brittney Sykes,CHI/WAS,Assists (Combo),8.0,,,-110,-110,2025-07-08T11:30:00-04:00,77564,,,prizepicks,2025-07-08T08:44:40.810552,5603866,False,False
PP_5598722_20250708,Angel Reese,CHI,Rebounds,14.0,,,-110,-110,2025-07-08T11:30:00-04:00,77564,,,prizepicks,2025-07-08T08:44:40.810555,5598722,False,False
PP_5598906_20250708,Angel Reese,CHI,Rebs+Asts,18.0,,,-110,-110,2025-07-08T11:30:00-04:00,77564,,,prizepicks,2025-07-08T08:44:40.810558,5598906,False,False
PP_5598748_20250708,Angel Reese,CHI,Assists,4.0,,,-110,-110,2025-07-08T11:30:00-04:00,77564,,,prizepicks,2025-07-08T08:44:40.810561,5598748,False,False
PP_5598907_20250708,Ariel Atkins,CHI,Rebs+Asts,7.0,,,-110,-110,2025-07-08T11:30:00-04:00,77564,,,prizepicks,2025-07-08T08:44:40.810565,5598907,False,False
PP_5598938_20250708,Ariel Atkins,CHI,Fantasy Score,31.5,,,-110,-110,2025-07-08T11:30:00-04:00,77564,,,prizepicks,2025-07-08T08:44:40.810568,5598938,False,False
PP_5598909_20250708,Ariel Atkins,CHI,Pts+Rebs,18.0,,,-110,-110,2025-07-08T11:30:00-04:00,77564,,,prizepicks,2025-07-08T08:44:40.810572,5598909,False,False
PP_5598941_20250708,Kiki Iriafen,WAS,Fantasy Score,22.5,,,-110,-110,2025-07-08T11:30:00-04:00,77564,,,prizepicks,2025-07-08T08:44:40.810575,5598941,False,False
PP_5598713_20250708,Kiki Iriafen,WAS,Points,11.0,,,-110,-110,2025-07-08T11:30:00-04:00,77564,,,prizepicks,2025-07-08T08:44:40.810579,5598713,False,False
PP_5598913_20250708,Kiki Iriafen,WAS,Pts+Rebs+Asts,19.5,,,-110,-110,2025-07-08T11:30:00-04:00,77564,,,prizepicks,2025-07-08T08:44:40.810582,5598913,False,False
PP_5598723_20250708,Kiki Iriafen,WAS,Rebounds,7.0,,,-110,-110,2025-07-08T11:30:00-04:00,77564,,,prizepicks,2025-07-08T08:44:40.810585,5598723,False,False
PP_5598910_20250708,Sonia Citron,WAS,Pts+Rebs,18.5,,,-110,-110,2025-07-08T11:30:00-04:00,77564,,,prizepicks,2025-07-08T08:44:40.810593,5598910,False,False
PP_5598942_20250708,Sonia Citron,WAS,Fantasy Score,24.5,,,-110,-110,2025-07-08T11:30:00-04:00,77564,,,prizepicks,2025-07-08T08:44:40.810596,5598942,False,False
PP_5598914_20250708,Sonia Citron,WAS,Pts+Rebs+Asts,20.5,,,-110,-110,2025-07-08T11:30:00-04:00,77564,,,prizepicks,2025-07-08T08:44:40.810600,5598914,False,False
PP_5598724_20250708,Sonia Citron,WAS,Rebounds,5.0,,,-110,-110,2025-07-08T11:30:00-04:00,77564,,,prizepicks,2025-07-08T08:44:40.810604,5598724,False,False
PP_5603867_20250708,Ariel Atkins + Sonia Citron,CHI/WAS,3-PT Made (Combo),3.0,,,-110,-110,2025-07-08T11:30:00-04:00,77564,,,prizepicks,2025-07-08T08:44:40.810607,5603867,False,False
PP_5603863_20250708,Angel Reese + Shakira Austin,CHI/WAS,Points (Combo),28.5,,,-110,-110,2025-07-08T11:30:00-04:00,77564,,,prizepicks,2025-07-08T08:44:40.810610,5603863,False,False
PP_5603865_20250708,Angel Reese + Shakira Austin,CHI/WAS,Rebounds (Combo),21.5,,,-110,-110,2025-07-08T11:30:00-04:00,77564,,,prizepicks,2025-07-08T08:44:40.810614,5603865,False,False
PP_5607488_20250708,A'ja Wilson,LVA,Pts+Rebs+Asts,29.5,,,-110,-110,2025-07-08T20:00:00-04:00,77565,,,prizepicks,2025-07-08T08:44:40.810622,5607488,False,False
PP_5597551_20250708,A'ja Wilson,LVA,Rebs+Asts,10.5,,,-110,-110,2025-07-08T20:00:00-04:00,77565,,,prizepicks,2025-07-08T08:44:40.810626,5597551,False,False
PP_5597541_20250708,A'ja Wilson,LVA,Pts+Rebs,29.5,,,-110,-110,2025-07-08T20:00:00-04:00,77565,,,prizepicks,2025-07-08T08:44:40.810630,5597541,False,False
PP_5597542_20250708,A'ja Wilson,LVA,Pts+Rebs,44.5,,,-110,-110,2025-07-08T20:00:00-04:00,77565,,,prizepicks,2025-07-08T08:44:40.810633,5597542,False,False
PP_5597265_20250708,A'ja Wilson,LVA,Assists,4.5,,,-110,-110,2025-07-08T20:00:00-04:00,77565,,,prizepicks,2025-07-08T08:44:40.810636,5597265,False,False
PP_5598364_20250708,A'ja Wilson,LVA,Assists,5.5,,,-110,-110,2025-07-08T20:00:00-04:00,77565,,,prizepicks,2025-07-08T08:44:40.810640,5598364,False,False
PP_5597545_20250708,A'ja Wilson,LVA,Pts+Rebs+Asts,34.5,,,-110,-110,2025-07-08T20:00:00-04:00,77565,,,prizepicks,2025-07-08T08:44:40.810643,5597545,False,False
PP_5599032_20250708,A'ja Wilson,LVA,Pts+Asts,26.0,,,-110,-110,2025-07-08T20:00:00-04:00,77565,,,prizepicks,2025-07-08T08:44:40.810646,5599032,False,False
PP_5597550_20250708,A'ja Wilson,LVA,Rebs+Asts,11.5,,,-110,-110,2025-07-08T20:00:00-04:00,77565,,,prizepicks,2025-07-08T08:44:40.810650,5597550,False,False
PP_5597537_20250708,A'ja Wilson,LVA,Pts+Asts,24.5,,,-110,-110,2025-07-08T20:00:00-04:00,77565,,,prizepicks,2025-07-08T08:44:40.810657,5597537,False,False
PP_5597539_20250708,A'ja Wilson,LVA,Pts+Asts,29.5,,,-110,-110,2025-07-08T20:00:00-04:00,77565,,,prizepicks,2025-07-08T08:44:40.810661,5597539,False,False
PP_5597266_20250708,A'ja Wilson,LVA,Assists,3.5,,,-110,-110,2025-07-08T20:00:00-04:00,77565,,,prizepicks,2025-07-08T08:44:40.810664,5597266,False,False
PP_5597267_20250708,A'ja Wilson,LVA,Rebounds,14.5,,,-110,-110,2025-07-08T20:00:00-04:00,77565,,,prizepicks,2025-07-08T08:44:40.810667,5597267,False,False
PP_5597268_20250708,A'ja Wilson,LVA,Rebounds,13.5,,,-110,-110,2025-07-08T20:00:00-04:00,77565,,,prizepicks,2025-07-08T08:44:40.810671,5597268,False,False
PP_5597270_20250708,A'ja Wilson,LVA,Rebounds,8.5,,,-110,-110,2025-07-08T20:00:00-04:00,77565,,,prizepicks,2025-07-08T08:44:40.810674,5597270,False,False
PP_5597269_20250708,A'ja Wilson,LVA,Rebounds,12.5,,,-110,-110,2025-07-08T20:00:00-04:00,77565,,,prizepicks,2025-07-08T08:44:40.810678,5597269,False,False
PP_5597271_20250708,A'ja Wilson,LVA,Rebounds,9.5,,,-110,-110,2025-07-08T20:00:00-04:00,77565,,,prizepicks,2025-07-08T08:44:40.810681,5597271,False,False
PP_5597534_20250708,A'ja Wilson,LVA,Points,29.5,,,-110,-110,2025-07-08T20:00:00-04:00,77565,,,prizepicks,2025-07-08T08:44:40.810685,5597534,False,False
PP_5597535_20250708,A'ja Wilson,LVA,Points,25.5,,,-110,-110,2025-07-08T20:00:00-04:00,77565,,,prizepicks,2025-07-08T08:44:40.810688,5597535,False,False
PP_5597532_20250708,A'ja Wilson,LVA,Assists,2.5,,,-110,-110,2025-07-08T20:00:00-04:00,77565,,,prizepicks,2025-07-08T08:44:40.810691,5597532,False,False
PP_5597533_20250708,A'ja Wilson,LVA,Points,19.5,,,-110,-110,2025-07-08T20:00:00-04:00,77565,,,prizepicks,2025-07-08T08:44:40.810695,5597533,False,False
PP_5597536_20250708,A'ja Wilson,LVA,Points,24.5,,,-110,-110,2025-07-08T20:00:00-04:00,77565,,,prizepicks,2025-07-08T08:44:40.810699,5597536,False,False
PP_5597553_20250708,A'ja Wilson,LVA,Rebs+Asts,14.5,,,-110,-110,2025-07-08T20:00:00-04:00,77565,,,prizepicks,2025-07-08T08:44:40.810702,5597553,False,False
PP_5597540_20250708,A'ja Wilson,LVA,Pts+Asts,28.5,,,-110,-110,2025-07-08T20:00:00-04:00,77565,,,prizepicks,2025-07-08T08:44:40.810706,5597540,False,False
PP_5597538_20250708,A'ja Wilson,LVA,Pts+Asts,34.5,,,-110,-110,2025-07-08T20:00:00-04:00,77565,,,prizepicks,2025-07-08T08:44:40.810710,5597538,False,False
PP_5597548_20250708,A'ja Wilson,LVA,Pts+Rebs+Asts,39.5,,,-110,-110,2025-07-08T20:00:00-04:00,77565,,,prizepicks,2025-07-08T08:44:40.810713,5597548,False,False
PP_5597549_20250708,A'ja Wilson,LVA,Pts+Rebs+Asts,36.5,,,-110,-110,2025-07-08T20:00:00-04:00,77565,,,prizepicks,2025-07-08T08:44:40.810716,5597549,False,False
PP_5597554_20250708,A'ja Wilson,LVA,Rebs+Asts,13.0,,,-110,-110,2025-07-08T20:00:00-04:00,77565,,,prizepicks,2025-07-08T08:44:40.810720,5597554,False,False
PP_5597544_20250708,A'ja Wilson,LVA,Pts+Rebs,33.0,,,-110,-110,2025-07-08T20:00:00-04:00,77565,,,prizepicks,2025-07-08T08:44:40.810723,5597544,False,False
PP_5602342_20250708,A'ja Wilson,LVA,Free Throws Made,7.5,,,-110,-110,2025-07-08T20:00:00-04:00,77565,,,prizepicks,2025-07-08T08:44:40.810727,5602342,False,False
PP_5597547_20250708,A'ja Wilson,LVA,Pts+Rebs+Asts,44.5,,,-110,-110,2025-07-08T20:00:00-04:00,77565,,,prizepicks,2025-07-08T08:44:40.810732,5597547,False,False
PP_5602382_20250708,A'ja Wilson,LVA,Steals,1.5,,,-110,-110,2025-07-08T20:00:00-04:00,77565,,,prizepicks,2025-07-08T08:44:40.810735,5602382,False,False
PP_5602395_20250708,A'ja Wilson,LVA,Blks+Stls,4.5,,,-110,-110,2025-07-08T20:00:00-04:00,77565,,,prizepicks,2025-07-08T08:44:40.810738,5602395,False,False
PP_5602312_20250708,A'ja Wilson,LVA,Offensive Rebounds,1.5,,,-110,-110,2025-07-08T20:00:00-04:00,77565,,,prizepicks,2025-07-08T08:44:40.810742,5602312,False,False
PP_5602373_20250708,A'ja Wilson,LVA,FG Attempted,17.0,,,-110,-110,2025-07-08T20:00:00-04:00,77565,,,prizepicks,2025-07-08T08:44:40.810746,5602373,False,False
PP_5597552_20250708,A'ja Wilson,LVA,Rebs+Asts,12.5,,,-110,-110,2025-07-08T20:00:00-04:00,77565,,,prizepicks,2025-07-08T08:44:40.810749,5597552,False,False
PP_5597543_20250708,A'ja Wilson,LVA,Pts+Rebs,39.5,,,-110,-110,2025-07-08T20:00:00-04:00,77565,,,prizepicks,2025-07-08T08:44:40.810752,5597543,False,False
PP_5597546_20250708,A'ja Wilson,LVA,Pts+Rebs+Asts,49.5,,,-110,-110,2025-07-08T20:00:00-04:00,77565,,,prizepicks,2025-07-08T08:44:40.810755,5597546,False,False
PP_5607226_20250708,A'ja Wilson,LVA,Points,21.5,,,-110,-110,2025-07-08T20:00:00-04:00,77565,,,prizepicks,2025-07-08T08:44:40.810759,5607226,False,False
PP_5607453_20250708,A'ja Wilson,LVA,Rebounds,7.5,,,-110,-110,2025-07-08T20:00:00-04:00,77565,,,prizepicks,2025-07-08T08:44:40.810762,5607453,False,False
PP_5607225_20250708,A'ja Wilson,LVA,Points,22.5,,,-110,-110,2025-07-08T20:00:00-04:00,77565,,,prizepicks,2025-07-08T08:44:40.810766,5607225,False,False
PP_5597298_20250708,Jewell Loyd,LVA,Rebounds,5.5,,,-110,-110,2025-07-08T20:00:00-04:00,77565,,,prizepicks,2025-07-08T08:44:40.810769,5597298,False,False
PP_5597646_20250708,Jewell Loyd,LVA,Pts+Rebs,19.5,,,-110,-110,2025-07-08T20:00:00-04:00,77565,,,prizepicks,2025-07-08T08:44:40.810773,5597646,False,False
PP_5602383_20250708,Jewell Loyd,LVA,Steals,0.5,,,-110,-110,2025-07-08T20:00:00-04:00,77565,,,prizepicks,2025-07-08T08:44:40.810776,5602383,False,False
PP_5597641_20250708,Jewell Loyd,LVA,Points,11.5,,,-110,-110,2025-07-08T20:00:00-04:00,77565,,,prizepicks,2025-07-08T08:44:40.810779,5597641,False,False
PP_5597644_20250708,Jewell Loyd,LVA,Pts+Rebs,13.5,,,-110,-110,2025-07-08T20:00:00-04:00,77565,,,prizepicks,2025-07-08T08:44:40.810783,5597644,False,False
PP_5597296_20250708,Jewell Loyd,LVA,Rebounds,7.5,,,-110,-110,2025-07-08T20:00:00-04:00,77565,,,prizepicks,2025-07-08T08:44:40.810787,5597296,False,False
PP_5597642_20250708,Jewell Loyd,LVA,Points,10.5,,,-110,-110,2025-07-08T20:00:00-04:00,77565,,,prizepicks,2025-07-08T08:44:40.810790,5597642,False,False
PP_5597647_20250708,Jewell Loyd,LVA,Pts+Rebs,17.5,,,-110,-110,2025-07-08T20:00:00-04:00,77565,,,prizepicks,2025-07-08T08:44:40.810793,5597647,False,False
PP_5597643_20250708,Jewell Loyd,LVA,Pts+Rebs,11.5,,,-110,-110,2025-07-08T20:00:00-04:00,77565,,,prizepicks,2025-07-08T08:44:40.810796,5597643,False,False
PP_5597640_20250708,Jewell Loyd,LVA,Points,14.5,,,-110,-110,2025-07-08T20:00:00-04:00,77565,,,prizepicks,2025-07-08T08:44:40.810800,5597640,False,False
PP_5597639_20250708,Jewell Loyd,LVA,Points,17.5,,,-110,-110,2025-07-08T20:00:00-04:00,77565,,,prizepicks,2025-07-08T08:44:40.810804,5597639,False,False
PP_5597636_20250708,Jewell Loyd,LVA,3-PT Made,2.5,,,-110,-110,2025-07-08T20:00:00-04:00,77565,,,prizepicks,2025-07-08T08:44:40.810807,5597636,False,False
PP_5597635_20250708,Jewell Loyd,LVA,3-PT Made,3.5,,,-110,-110,2025-07-08T20:00:00-04:00,77565,,,prizepicks,2025-07-08T08:44:40.810810,5597635,False,False
PP_5597637_20250708,Jewell Loyd,LVA,Points,7.5,,,-110,-110,2025-07-08T20:00:00-04:00,77565,,,prizepicks,2025-07-08T08:44:40.810813,5597637,False,False
PP_5597638_20250708,Jewell Loyd,LVA,Points,9.5,,,-110,-110,2025-07-08T20:00:00-04:00,77565,,,prizepicks,2025-07-08T08:44:40.810816,5597638,False,False
PP_5597300_20250708,Jewell Loyd,LVA,Rebounds,3.5,,,-110,-110,2025-07-08T20:00:00-04:00,77565,,,prizepicks,2025-07-08T08:44:40.810820,5597300,False,False
PP_5602321_20250708,Jewell Loyd,LVA,3-PT Attempted,4.5,,,-110,-110,2025-07-08T20:00:00-04:00,77565,,,prizepicks,2025-07-08T08:44:40.810823,5602321,False,False
PP_5597649_20250708,Jewell Loyd,LVA,Pts+Rebs,14.5,,,-110,-110,2025-07-08T20:00:00-04:00,77565,,,prizepicks,2025-07-08T08:44:40.810826,5597649,False,False
PP_5597648_20250708,Jewell Loyd,LVA,Pts+Rebs,16.5,,,-110,-110,2025-07-08T20:00:00-04:00,77565,,,prizepicks,2025-07-08T08:44:40.810829,5597648,False,False
PP_5597645_20250708,Jewell Loyd,LVA,Pts+Rebs,14.5,,,-110,-110,2025-07-08T20:00:00-04:00,77565,,,prizepicks,2025-07-08T08:44:40.810833,5597645,False,False
PP_5602343_20250708,Jewell Loyd,LVA,Free Throws Made,1.5,,,-110,-110,2025-07-08T20:00:00-04:00,77565,,,prizepicks,2025-07-08T08:44:40.810837,5602343,False,False
PP_5597297_20250708,Jewell Loyd,LVA,Rebounds,6.5,,,-110,-110,2025-07-08T20:00:00-04:00,77565,,,prizepicks,2025-07-08T08:44:40.810841,5597297,False,False
PP_5597584_20250708,Chelsea Gray,LVA,Points,17.5,,,-110,-110,2025-07-08T20:00:00-04:00,77565,,,prizepicks,2025-07-08T08:44:40.810844,5597584,False,False
PP_5597601_20250708,Chelsea Gray,LVA,Pts+Rebs+Asts,19.5,,,-110,-110,2025-07-08T20:00:00-04:00,77565,,,prizepicks,2025-07-08T08:44:40.810847,5597601,False,False
PP_5602396_20250708,Chelsea Gray,LVA,Blks+Stls,1.5,,,-110,-110,2025-07-08T20:00:00-04:00,77565,,,prizepicks,2025-07-08T08:44:40.810850,5602396,False,False
PP_5597285_20250708,Chelsea Gray,LVA,Rebounds,5.5,,,-110,-110,2025-07-08T20:00:00-04:00,77565,,,prizepicks,2025-07-08T08:44:40.810853,5597285,False,False
PP_5597599_20250708,Chelsea Gray,LVA,Pts+Rebs,19.5,,,-110,-110,2025-07-08T20:00:00-04:00,77565,,,prizepicks,2025-07-08T08:44:40.810856,5597599,False,False
PP_5602401_20250708,Chelsea Gray,LVA,Turnovers,3.0,,,-110,-110,2025-07-08T20:00:00-04:00,77565,,,prizepicks,2025-07-08T08:44:40.810859,5602401,False,False
PP_5597287_20250708,Chelsea Gray,LVA,Rebounds,3.5,,,-110,-110,2025-07-08T20:00:00-04:00,77565,,,prizepicks,2025-07-08T08:44:40.810862,5597287,False,False
PP_5597578_20250708,Chelsea Gray,LVA,3-PT Made,2.5,,,-110,-110,2025-07-08T20:00:00-04:00,77565,,,prizepicks,2025-07-08T08:44:40.810867,5597578,False,False
PP_5602313_20250708,Chelsea Gray,LVA,Offensive Rebounds,0.5,,,-110,-110,2025-07-08T20:00:00-04:00,77565,,,prizepicks,2025-07-08T08:44:40.810874,5602313,False,False
PP_5602374_20250708,Chelsea Gray,LVA,FG Attempted,9.5,,,-110,-110,2025-07-08T20:00:00-04:00,77565,,,prizepicks,2025-07-08T08:44:40.810877,5602374,False,False
PP_5597283_20250708,Chelsea Gray,LVA,Rebounds,7.5,,,-110,-110,2025-07-08T20:00:00-04:00,77565,,,prizepicks,2025-07-08T08:44:40.810880,5597283,False,False
PP_5597590_20250708,Chelsea Gray,LVA,Pts+Asts,24.5,,,-110,-110,2025-07-08T20:00:00-04:00,77565,,,prizepicks,2025-07-08T08:44:40.810884,5597590,False,False
PP_5597603_20250708,Chelsea Gray,LVA,Pts+Rebs+Asts,24.5,,,-110,-110,2025-07-08T20:00:00-04:00,77565,,,prizepicks,2025-07-08T08:44:40.810888,5597603,False,False
PP_5597606_20250708,Chelsea Gray,LVA,Rebs+Asts,7.5,,,-110,-110,2025-07-08T20:00:00-04:00,77565,,,prizepicks,2025-07-08T08:44:40.810891,5597606,False,False
PP_5597579_20250708,Chelsea Gray,LVA,3-PT Made,1.5,,,-110,-110,2025-07-08T20:00:00-04:00,77565,,,prizepicks,2025-07-08T08:44:40.810894,5597579,False,False
PP_5597583_20250708,Chelsea Gray,LVA,Points,19.5,,,-110,-110,2025-07-08T20:00:00-04:00,77565,,,prizepicks,2025-07-08T08:44:40.810897,5597583,False,False
PP_5597582_20250708,Chelsea Gray,LVA,Points,9.5,,,-110,-110,2025-07-08T20:00:00-04:00,77565,,,prizepicks,2025-07-08T08:44:40.810900,5597582,False,False
PP_5597587_20250708,Chelsea Gray,LVA,Pts+Asts,13.5,,,-110,-110,2025-07-08T20:00:00-04:00,77565,,,prizepicks,2025-07-08T08:44:40.810904,5597587,False,False
PP_5597585_20250708,Chelsea Gray,LVA,Points,14.5,,,-110,-110,2025-07-08T20:00:00-04:00,77565,,,prizepicks,2025-07-08T08:44:40.810908,5597585,False,False
PP_5597591_20250708,Chelsea Gray,LVA,Pts+Asts,21.5,,,-110,-110,2025-07-08T20:00:00-04:00,77565,,,prizepicks,2025-07-08T08:44:40.810911,5597591,False,False
PP_5597593_20250708,Chelsea Gray,LVA,Pts+Asts,16.5,,,-110,-110,2025-07-08T20:00:00-04:00,77565,,,prizepicks,2025-07-08T08:44:40.810914,5597593,False,False
PP_5597588_20250708,Chelsea Gray,LVA,Pts+Asts,14.5,,,-110,-110,2025-07-08T20:00:00-04:00,77565,,,prizepicks,2025-07-08T08:44:40.810917,5597588,False,False
PP_5597595_20250708,Chelsea Gray,LVA,Pts+Rebs,14.5,,,-110,-110,2025-07-08T20:00:00-04:00,77565,,,prizepicks,2025-07-08T08:44:40.810920,5597595,False,False
PP_5597586_20250708,Chelsea Gray,LVA,Points,11.5,,,-110,-110,2025-07-08T20:00:00-04:00,77565,,,prizepicks,2025-07-08T08:44:40.810923,5597586,False,False
PP_5597598_20250708,Chelsea Gray,LVA,Pts+Rebs,21.5,,,-110,-110,2025-07-08T20:00:00-04:00,77565,,,prizepicks,2025-07-08T08:44:40.810926,5597598,False,False
PP_5597597_20250708,Chelsea Gray,LVA,Pts+Rebs,24.5,,,-110,-110,2025-07-08T20:00:00-04:00,77565,,,prizepicks,2025-07-08T08:44:40.810929,5597597,False,False
PP_5597604_20250708,Chelsea Gray,LVA,Pts+Rebs+Asts,20.5,,,-110,-110,2025-07-08T20:00:00-04:00,77565,,,prizepicks,2025-07-08T08:44:40.810933,5597604,False,False
PP_5597600_20250708,Chelsea Gray,LVA,Pts+Rebs,15.5,,,-110,-110,2025-07-08T20:00:00-04:00,77565,,,prizepicks,2025-07-08T08:44:40.810937,5597600,False,False
PP_5597605_20250708,Chelsea Gray,LVA,Rebs+Asts,8.5,,,-110,-110,2025-07-08T20:00:00-04:00,77565,,,prizepicks,2025-07-08T08:44:40.810940,5597605,False,False
PP_5597608_20250708,Chelsea Gray,LVA,Rebs+Asts,10.5,,,-110,-110,2025-07-08T20:00:00-04:00,77565,,,prizepicks,2025-07-08T08:44:40.810944,5597608,False,False
PP_5597609_20250708,Chelsea Gray,LVA,Rebs+Asts,9.0,,,-110,-110,2025-07-08T20:00:00-04:00,77565,,,prizepicks,2025-07-08T08:44:40.810947,5597609,False,False
PP_5607586_20250708,Chelsea Gray,LVA,Points,7.5,,,-110,-110,2025-07-08T20:00:00-04:00,77565,,,prizepicks,2025-07-08T08:44:40.810950,5607586,False,False
PP_5605996_20250708,Chelsea Gray,LVA,3-PT Made,3.5,,,-110,-110,2025-07-08T20:00:00-04:00,77565,,,prizepicks,2025-07-08T08:44:40.810954,5605996,False,False
PP_5597280_20250708,Chelsea Gray,LVA,Assists,7.5,,,-110,-110,2025-07-08T20:00:00-04:00,77565,,,prizepicks,2025-07-08T08:44:40.810957,5597280,False,False
PP_5597589_20250708,Chelsea Gray,LVA,Pts+Asts,15.5,,,-110,-110,2025-07-08T20:00:00-04:00,77565,,,prizepicks,2025-07-08T08:44:40.810960,5597589,False,False
PP_5597281_20250708,Chelsea Gray,LVA,Assists,6.5,,,-110,-110,2025-07-08T20:00:00-04:00,77565,,,prizepicks,2025-07-08T08:44:40.810963,5597281,False,False
PP_5597282_20250708,Chelsea Gray,LVA,Assists,5.5,,,-110,-110,2025-07-08T20:00:00-04:00,77565,,,prizepicks,2025-07-08T08:44:40.810966,5597282,False,False
PP_5597602_20250708,Chelsea Gray,LVA,Pts+Rebs+Asts,29.5,,,-110,-110,2025-07-08T20:00:00-04:00,77565,,,prizepicks,2025-07-08T08:44:40.810970,5597602,False,False
PP_5597592_20250708,Chelsea Gray,LVA,Pts+Asts,19.5,,,-110,-110,2025-07-08T20:00:00-04:00,77565,,,prizepicks,2025-07-08T08:44:40.810974,5597592,False,False
PP_5602322_20250708,Chelsea Gray,LVA,3-PT Attempted,4.5,,,-110,-110,2025-07-08T20:00:00-04:00,77565,,,prizepicks,2025-07-08T08:44:40.810977,5602322,False,False
PP_5602344_20250708,Chelsea Gray,LVA,Free Throws Made,2.5,,,-110,-110,2025-07-08T20:00:00-04:00,77565,,,prizepicks,2025-07-08T08:44:40.810980,5602344,False,False
PP_5597284_20250708,Chelsea Gray,LVA,Rebounds,6.5,,,-110,-110,2025-07-08T20:00:00-04:00,77565,,,prizepicks,2025-07-08T08:44:40.810983,5597284,False,False
PP_5597580_20250708,Chelsea Gray,LVA,Assists,3.5,,,-110,-110,2025-07-08T20:00:00-04:00,77565,,,prizepicks,2025-07-08T08:44:40.810986,5597580,False,False
PP_5597581_20250708,Chelsea Gray,LVA,Assists,4.5,,,-110,-110,2025-07-08T20:00:00-04:00,77565,,,prizepicks,2025-07-08T08:44:40.810989,5597581,False,False
PP_5597594_20250708,Chelsea Gray,LVA,Pts+Rebs,13.5,,,-110,-110,2025-07-08T20:00:00-04:00,77565,,,prizepicks,2025-07-08T08:44:40.810993,5597594,False,False
PP_5597625_20250708,Jackie Young,LVA,Pts+Rebs,24.5,,,-110,-110,2025-07-08T20:00:00-04:00,77565,,,prizepicks,2025-07-08T08:44:40.810996,5597625,False,False
PP_5598365_20250708,Jackie Young,LVA,Pts+Asts,19.5,,,-110,-110,2025-07-08T20:00:00-04:00,77565,,,prizepicks,2025-07-08T08:44:40.810999,5598365,False,False
PP_5597612_20250708,Jackie Young,LVA,Assists,3.5,,,-110,-110,2025-07-08T20:00:00-04:00,77565,,,prizepicks,2025-07-08T08:44:40.811003,5597612,False,False
PP_5598366_20250708,Jackie Young,LVA,Rebs+Asts,9.5,,,-110,-110,2025-07-08T20:00:00-04:00,77565,,,prizepicks,2025-07-08T08:44:40.811007,5598366,False,False
PP_5597288_20250708,Jackie Young,LVA,Assists,7.5,,,-110,-110,2025-07-08T20:00:00-04:00,77565,,,prizepicks,2025-07-08T08:44:40.811010,5597288,False,False
PP_5597290_20250708,Jackie Young,LVA,Assists,5.5,,,-110,-110,2025-07-08T20:00:00-04:00,77565,,,prizepicks,2025-07-08T08:44:40.811013,5597290,False,False
PP_5597295_20250708,Jackie Young,LVA,Rebounds,3.5,,,-110,-110,2025-07-08T20:00:00-04:00,77565,,,prizepicks,2025-07-08T08:44:40.811017,5597295,False,False
PP_5597615_20250708,Jackie Young,LVA,Points,24.5,,,-110,-110,2025-07-08T20:00:00-04:00,77565,,,prizepicks,2025-07-08T08:44:40.811020,5597615,False,False
PP_5597289_20250708,Jackie Young,LVA,Assists,6.5,,,-110,-110,2025-07-08T20:00:00-04:00,77565,,,prizepicks,2025-07-08T08:44:40.811023,5597289,False,False
PP_5597626_20250708,Jackie Young,LVA,Pts+Rebs,22.5,,,-110,-110,2025-07-08T20:00:00-04:00,77565,,,prizepicks,2025-07-08T08:44:40.811026,5597626,False,False
PP_5597620_20250708,Jackie Young,LVA,Pts+Asts,29.5,,,-110,-110,2025-07-08T20:00:00-04:00,77565,,,prizepicks,2025-07-08T08:44:40.811029,5597620,False,False
PP_5602323_20250708,Jackie Young,LVA,3-PT Attempted,4.5,,,-110,-110,2025-07-08T20:00:00-04:00,77565,,,prizepicks,2025-07-08T08:44:40.811032,5602323,False,False
PP_5607538_20250708,Jackie Young,LVA,Points,11.5,,,-110,-110,2025-07-08T20:00:00-04:00,77565,,,prizepicks,2025-07-08T08:44:40.811036,5607538,False,False
PP_5602345_20250708,Jackie Young,LVA,Free Throws Made,3.5,,,-110,-110,2025-07-08T20:00:00-04:00,77565,,,prizepicks,2025-07-08T08:44:40.811040,5602345,False,False
PP_5597623_20250708,Jackie Young,LVA,Pts+Rebs,19.5,,,-110,-110,2025-07-08T20:00:00-04:00,77565,,,prizepicks,2025-07-08T08:44:40.811043,5597623,False,False
PP_5600441_20250708,Jackie Young,LVA,Rebs+Asts,6.5,,,-110,-110,2025-07-08T20:00:00-04:00,77565,,,prizepicks,2025-07-08T08:44:40.811046,5600441,False,False
PP_5597292_20250708,Jackie Young,LVA,Rebounds,6.5,,,-110,-110,2025-07-08T20:00:00-04:00,77565,,,prizepicks,2025-07-08T08:44:40.811050,5597292,False,False
PP_5602397_20250708,Jackie Young,LVA,Blks+Stls,1.5,,,-110,-110,2025-07-08T20:00:00-04:00,77565,,,prizepicks,2025-07-08T08:44:40.811054,5602397,False,False
PP_5597621_20250708,Jackie Young,LVA,Pts+Asts,24.5,,,-110,-110,2025-07-08T20:00:00-04:00,77565,,,prizepicks,2025-07-08T08:44:40.811057,5597621,False,False
PP_5607482_20250708,Jackie Young,LVA,3-PT Made,1.5,,,-110,-110,2025-07-08T20:00:00-04:00,77565,,,prizepicks,2025-07-08T08:44:40.811060,5607482,False,False
PP_5597632_20250708,Jackie Young,LVA,Rebs+Asts,7.5,,,-110,-110,2025-07-08T20:00:00-04:00,77565,,,prizepicks,2025-07-08T08:44:40.811064,5597632,False,False
PP_5597634_20250708,Jackie Young,LVA,Rebs+Asts,10.5,,,-110,-110,2025-07-08T20:00:00-04:00,77565,,,prizepicks,2025-07-08T08:44:40.811067,5597634,False,False
PP_5597293_20250708,Jackie Young,LVA,Rebounds,5.5,,,-110,-110,2025-07-08T20:00:00-04:00,77565,,,prizepicks,2025-07-08T08:44:40.811071,5597293,False,False
PP_5597616_20250708,Jackie Young,LVA,Points,19.5,,,-110,-110,2025-07-08T20:00:00-04:00,77565,,,prizepicks,2025-07-08T08:44:40.811074,5597616,False,False
PP_5597291_20250708,Jackie Young,LVA,Rebounds,7.5,,,-110,-110,2025-07-08T20:00:00-04:00,77565,,,prizepicks,2025-07-08T08:44:40.811077,5597291,False,False
PP_5598225_20250708,Jackie Young,LVA,Pts+Rebs,19.5,,,-110,-110,2025-07-08T20:00:00-04:00,77565,,,prizepicks,2025-07-08T08:44:40.811080,5598225,False,False
PP_5597610_20250708,Jackie Young,LVA,3-PT Made,3.5,,,-110,-110,2025-07-08T20:00:00-04:00,77565,,,prizepicks,2025-07-08T08:44:40.811083,5597610,False,False
PP_5597611_20250708,Jackie Young,LVA,3-PT Made,2.5,,,-110,-110,2025-07-08T20:00:00-04:00,77565,,,prizepicks,2025-07-08T08:44:40.811086,5597611,False,False
PP_5597619_20250708,Jackie Young,LVA,Pts+Asts,19.5,,,-110,-110,2025-07-08T20:00:00-04:00,77565,,,prizepicks,2025-07-08T08:44:40.811089,5597619,False,False
PP_5597618_20250708,Jackie Young,LVA,Points,15.5,,,-110,-110,2025-07-08T20:00:00-04:00,77565,,,prizepicks,2025-07-08T08:44:40.811092,5597618,False,False
PP_5597628_20250708,Jackie Young,LVA,Pts+Rebs+Asts,34.5,,,-110,-110,2025-07-08T20:00:00-04:00,77565,,,prizepicks,2025-07-08T08:44:40.811096,5597628,False,False
PP_5597624_20250708,Jackie Young,LVA,Pts+Rebs,29.5,,,-110,-110,2025-07-08T20:00:00-04:00,77565,,,prizepicks,2025-07-08T08:44:40.811099,5597624,False,False
PP_5597614_20250708,Jackie Young,LVA,Points,14.5,,,-110,-110,2025-07-08T20:00:00-04:00,77565,,,prizepicks,2025-07-08T08:44:40.811103,5597614,False,False
PP_5597294_20250708,Jackie Young,LVA,Rebounds,4.0,,,-110,-110,2025-07-08T20:00:00-04:00,77565,,,prizepicks,2025-07-08T08:44:40.811106,5597294,False,False
PP_5597629_20250708,Jackie Young,LVA,Pts+Rebs+Asts,29.5,,,-110,-110,2025-07-08T20:00:00-04:00,77565,,,prizepicks,2025-07-08T08:44:40.811109,5597629,False,False
PP_5597631_20250708,Jackie Young,LVA,Pts+Rebs+Asts,24.5,,,-110,-110,2025-07-08T20:00:00-04:00,77565,,,prizepicks,2025-07-08T08:44:40.811112,5597631,False,False
PP_5597575_20250708,Breanna Stewart,NYL,Rebs+Asts,10.5,,,-110,-110,2025-07-08T20:00:00-04:00,77565,,,prizepicks,2025-07-08T08:44:40.811115,5597575,False,False
PP_5597564_20250708,Breanna Stewart,NYL,Pts+Asts,25.5,,,-110,-110,2025-07-08T20:00:00-04:00,77565,,,prizepicks,2025-07-08T08:44:40.811118,5597564,False,False
PP_5597560_20250708,Breanna Stewart,NYL,Points,21.5,,,-110,-110,2025-07-08T20:00:00-04:00,77565,,,prizepicks,2025-07-08T08:44:40.811121,5597560,False,False
PP_5597272_20250708,Breanna Stewart,NYL,Assists,6.5,,,-110,-110,2025-07-08T20:00:00-04:00,77565,,,prizepicks,2025-07-08T08:44:40.811124,5597272,False,False
PP_5597559_20250708,Breanna Stewart,NYL,Points,24.5,,,-110,-110,2025-07-08T20:00:00-04:00,77565,,,prizepicks,2025-07-08T08:44:40.811127,5597559,False,False
PP_5597555_20250708,Breanna Stewart,NYL,Assists,2.5,,,-110,-110,2025-07-08T20:00:00-04:00,77565,,,prizepicks,2025-07-08T08:44:40.811130,5597555,False,False
PP_5597577_20250708,Breanna Stewart,NYL,Rebs+Asts,13.5,,,-110,-110,2025-07-08T20:00:00-04:00,77565,,,prizepicks,2025-07-08T08:44:40.811134,5597577,False,False
PP_5597566_20250708,Breanna Stewart,NYL,Pts+Rebs,24.5,,,-110,-110,2025-07-08T20:00:00-04:00,77565,,,prizepicks,2025-07-08T08:44:40.811138,5597566,False,False
PP_5607537_20250708,Breanna Stewart,NYL,Points,19.5,,,-110,-110,2025-07-08T20:00:00-04:00,77565,,,prizepicks,2025-07-08T08:44:40.811141,5607537,False,False
PP_5597274_20250708,Breanna Stewart,NYL,Assists,4.5,,,-110,-110,2025-07-08T20:00:00-04:00,77565,,,prizepicks,2025-07-08T08:44:40.811144,5597274,False,False
PP_5597561_20250708,Breanna Stewart,NYL,Pts+Asts,19.5,,,-110,-110,2025-07-08T20:00:00-04:00,77565,,,prizepicks,2025-07-08T08:44:40.811147,5597561,False,False
PP_5597562_20250708,Breanna Stewart,NYL,Pts+Asts,34.5,,,-110,-110,2025-07-08T20:00:00-04:00,77565,,,prizepicks,2025-07-08T08:44:40.811150,5597562,False,False
PP_5597567_20250708,Breanna Stewart,NYL,Pts+Rebs,39.5,,,-110,-110,2025-07-08T20:00:00-04:00,77565,,,prizepicks,2025-07-08T08:44:40.811155,5597567,False,False
PP_5597279_20250708,Breanna Stewart,NYL,Rebounds,7.5,,,-110,-110,2025-07-08T20:00:00-04:00,77565,,,prizepicks,2025-07-08T08:44:40.811158,5597279,False,False
PP_5604666_20250708,Breanna Stewart,NYL,Rebs+Asts,11.5,,,-110,-110,2025-07-08T20:00:00-04:00,77565,,,prizepicks,2025-07-08T08:44:40.811161,5604666,False,False
PP_5597568_20250708,Breanna Stewart,NYL,Pts+Rebs,34.5,,,-110,-110,2025-07-08T20:00:00-04:00,77565,,,prizepicks,2025-07-08T08:44:40.811164,5597568,False,False
PP_5597273_20250708,Breanna Stewart,NYL,Assists,5.5,,,-110,-110,2025-07-08T20:00:00-04:00,77565,,,prizepicks,2025-07-08T08:44:40.811168,5597273,False,False
PP_5597558_20250708,Breanna Stewart,NYL,Points,29.5,,,-110,-110,2025-07-08T20:00:00-04:00,77565,,,prizepicks,2025-07-08T08:44:40.811171,5597558,False,False
PP_5597277_20250708,Breanna Stewart,NYL,Rebounds,9.5,,,-110,-110,2025-07-08T20:00:00-04:00,77565,,,prizepicks,2025-07-08T08:44:40.811174,5597277,False,False
PP_5597275_20250708,Breanna Stewart,NYL,Rebounds,11.5,,,-110,-110,2025-07-08T20:00:00-04:00,77565,,,prizepicks,2025-07-08T08:44:40.811177,5597275,False,False
PP_5597276_20250708,Breanna Stewart,NYL,Rebounds,10.5,,,-110,-110,2025-07-08T20:00:00-04:00,77565,,,prizepicks,2025-07-08T08:44:40.811180,5597276,False,False
PP_5598043_20250708,Breanna Stewart,NYL,Points,20.5,,,-110,-110,2025-07-08T20:00:00-04:00,77565,,,prizepicks,2025-07-08T08:44:40.811183,5598043,False,False
PP_5597571_20250708,Breanna Stewart,NYL,Pts+Rebs+Asts,44.5,,,-110,-110,2025-07-08T20:00:00-04:00,77565,,,prizepicks,2025-07-08T08:44:40.811187,5597571,False,False
PP_5597574_20250708,Breanna Stewart,NYL,Pts+Rebs+Asts,32.5,,,-110,-110,2025-07-08T20:00:00-04:00,77565,,,prizepicks,2025-07-08T08:44:40.811190,5597574,False,False
PP_5597573_20250708,Breanna Stewart,NYL,Pts+Rebs+Asts,34.5,,,-110,-110,2025-07-08T20:00:00-04:00,77565,,,prizepicks,2025-07-08T08:44:40.811193,5597573,False,False
PP_5597576_20250708,Breanna Stewart,NYL,Rebs+Asts,9.5,,,-110,-110,2025-07-08T20:00:00-04:00,77565,,,prizepicks,2025-07-08T08:44:40.811196,5597576,False,False
PP_5597569_20250708,Breanna Stewart,NYL,Pts+Rebs,28.5,,,-110,-110,2025-07-08T20:00:00-04:00,77565,,,prizepicks,2025-07-08T08:44:40.811200,5597569,False,False
PP_5597572_20250708,Breanna Stewart,NYL,Pts+Rebs+Asts,39.5,,,-110,-110,2025-07-08T20:00:00-04:00,77565,,,prizepicks,2025-07-08T08:44:40.811203,5597572,False,False
PP_5597556_20250708,Breanna Stewart,NYL,Assists,3.5,,,-110,-110,2025-07-08T20:00:00-04:00,77565,,,prizepicks,2025-07-08T08:44:40.811206,5597556,False,False
PP_5597557_20250708,Breanna Stewart,NYL,Points,17.5,,,-110,-110,2025-07-08T20:00:00-04:00,77565,,,prizepicks,2025-07-08T08:44:40.811209,5597557,False,False
PP_5602346_20250708,Breanna Stewart,NYL,Free Throws Made,5.5,,,-110,-110,2025-07-08T20:00:00-04:00,77565,,,prizepicks,2025-07-08T08:44:40.811212,5602346,False,False
PP_5602398_20250708,Breanna Stewart,NYL,Blks+Stls,2.5,,,-110,-110,2025-07-08T20:00:00-04:00,77565,,,prizepicks,2025-07-08T08:44:40.811215,5602398,False,False
PP_5597278_20250708,Breanna Stewart,NYL,Rebounds,6.5,,,-110,-110,2025-07-08T20:00:00-04:00,77565,,,prizepicks,2025-07-08T08:44:40.811219,5597278,False,False
PP_5597563_20250708,Breanna Stewart,NYL,Pts+Asts,29.5,,,-110,-110,2025-07-08T20:00:00-04:00,77565,,,prizepicks,2025-07-08T08:44:40.811226,5597563,False,False
PP_5597570_20250708,Breanna Stewart,NYL,Pts+Rebs+Asts,29.5,,,-110,-110,2025-07-08T20:00:00-04:00,77565,,,prizepicks,2025-07-08T08:44:40.811230,5597570,False,False
PP_5597565_20250708,Breanna Stewart,NYL,Pts+Asts,24.0,,,-110,-110,2025-07-08T20:00:00-04:00,77565,,,prizepicks,2025-07-08T08:44:40.811233,5597565,False,False
PP_5599007_20250708,Sabrina Ionescu,NYL,Pts+Asts,23.5,,,-110,-110,2025-07-08T20:00:00-04:00,77565,,,prizepicks,2025-07-08T08:44:40.811237,5599007,False,False
PP_5597695_20250708,Sabrina Ionescu,NYL,Pts+Asts,29.5,,,-110,-110,2025-07-08T20:00:00-04:00,77565,,,prizepicks,2025-07-08T08:44:40.811240,5597695,False,False
PP_5597699_20250708,Sabrina Ionescu,NYL,Pts+Rebs,24.5,,,-110,-110,2025-07-08T20:00:00-04:00,77565,,,prizepicks,2025-07-08T08:44:40.811243,5597699,False,False
PP_5597702_20250708,Sabrina Ionescu,NYL,Pts+Rebs+Asts,39.5,,,-110,-110,2025-07-08T20:00:00-04:00,77565,,,prizepicks,2025-07-08T08:44:40.811248,5597702,False,False
PP_5597707_20250708,Sabrina Ionescu,NYL,Rebs+Asts,11.5,,,-110,-110,2025-07-08T20:00:00-04:00,77565,,,prizepicks,2025-07-08T08:44:40.811253,5597707,False,False
PP_5599008_20250708,Sabrina Ionescu,NYL,Pts+Rebs+Asts,28.5,,,-110,-110,2025-07-08T20:00:00-04:00,77565,,,prizepicks,2025-07-08T08:44:40.811256,5599008,False,False
PP_5597683_20250708,Sabrina Ionescu,NYL,3-PT Made,1.5,,,-110,-110,2025-07-08T20:00:00-04:00,77565,,,prizepicks,2025-07-08T08:44:40.811259,5597683,False,False
PP_5597684_20250708,Sabrina Ionescu,NYL,3-PT Made,4.5,,,-110,-110,2025-07-08T20:00:00-04:00,77565,,,prizepicks,2025-07-08T08:44:40.811263,5597684,False,False
PP_5597694_20250708,Sabrina Ionescu,NYL,Pts+Asts,34.5,,,-110,-110,2025-07-08T20:00:00-04:00,77565,,,prizepicks,2025-07-08T08:44:40.811267,5597694,False,False
PP_5597690_20250708,Sabrina Ionescu,NYL,Points,19.5,,,-110,-110,2025-07-08T20:00:00-04:00,77565,,,prizepicks,2025-07-08T08:44:40.811271,5597690,False,False
PP_5597689_20250708,Sabrina Ionescu,NYL,Points,24.5,,,-110,-110,2025-07-08T20:00:00-04:00,77565,,,prizepicks,2025-07-08T08:44:40.811275,5597689,False,False
PP_5597692_20250708,Sabrina Ionescu,NYL,Points,17.5,,,-110,-110,2025-07-08T20:00:00-04:00,77565,,,prizepicks,2025-07-08T08:44:40.811278,5597692,False,False
PP_5597701_20250708,Sabrina Ionescu,NYL,Pts+Rebs+Asts,24.5,,,-110,-110,2025-07-08T20:00:00-04:00,77565,,,prizepicks,2025-07-08T08:44:40.811282,5597701,False,False
PP_5597706_20250708,Sabrina Ionescu,NYL,Rebs+Asts,9.5,,,-110,-110,2025-07-08T20:00:00-04:00,77565,,,prizepicks,2025-07-08T08:44:40.811285,5597706,False,False
PP_5602324_20250708,Sabrina Ionescu,NYL,3-PT Attempted,7.5,,,-110,-110,2025-07-08T20:00:00-04:00,77565,,,prizepicks,2025-07-08T08:44:40.811288,5602324,False,False
PP_5599637_20250708,Sabrina Ionescu,NYL,Assists,5.5,,,-110,-110,2025-07-08T20:00:00-04:00,77565,,,prizepicks,2025-07-08T08:44:40.811291,5599637,False,False
PP_5602347_20250708,Sabrina Ionescu,NYL,Free Throws Made,4.0,,,-110,-110,2025-07-08T20:00:00-04:00,77565,,,prizepicks,2025-07-08T08:44:40.811295,5602347,False,False
PP_5597309_20250708,Sabrina Ionescu,NYL,Assists,7.5,,,-110,-110,2025-07-08T20:00:00-04:00,77565,,,prizepicks,2025-07-08T08:44:40.811298,5597309,False,False
PP_5597703_20250708,Sabrina Ionescu,NYL,Pts+Rebs+Asts,34.5,,,-110,-110,2025-07-08T20:00:00-04:00,77565,,,prizepicks,2025-07-08T08:44:40.811301,5597703,False,False
PP_5602377_20250708,Sabrina Ionescu,NYL,FG Attempted,14.5,,,-110,-110,2025-07-08T20:00:00-04:00,77565,,,prizepicks,2025-07-08T08:44:40.811305,5602377,False,False
PP_5597686_20250708,Sabrina Ionescu,NYL,3-PT Made,2.5,,,-110,-110,2025-07-08T20:00:00-04:00,77565,,,prizepicks,2025-07-08T08:44:40.811309,5597686,False,False
PP_5602384_20250708,Sabrina Ionescu,NYL,Steals,1.5,,,-110,-110,2025-07-08T20:00:00-04:00,77565,,,prizepicks,2025-07-08T08:44:40.811312,5602384,False,False
PP_5597310_20250708,Sabrina Ionescu,NYL,Rebounds,7.5,,,-110,-110,2025-07-08T20:00:00-04:00,77565,,,prizepicks,2025-07-08T08:44:40.811316,5597310,False,False
PP_5602403_20250708,Sabrina Ionescu,NYL,Turnovers,2.5,,,-110,-110,2025-07-08T20:00:00-04:00,77565,,,prizepicks,2025-07-08T08:44:40.811320,5602403,False,False
PP_5597698_20250708,Sabrina Ionescu,NYL,Pts+Rebs,29.5,,,-110,-110,2025-07-08T20:00:00-04:00,77565,,,prizepicks,2025-07-08T08:44:40.811324,5597698,False,False
PP_5597693_20250708,Sabrina Ionescu,NYL,Pts+Asts,19.5,,,-110,-110,2025-07-08T20:00:00-04:00,77565,,,prizepicks,2025-07-08T08:44:40.811328,5597693,False,False
PP_5602314_20250708,Sabrina Ionescu,NYL,Offensive Rebounds,0.5,,,-110,-110,2025-07-08T20:00:00-04:00,77565,,,prizepicks,2025-07-08T08:44:40.811331,5602314,False,False
PP_5607539_20250708,Sabrina Ionescu,NYL,Points,16.5,,,-110,-110,2025-07-08T20:00:00-04:00,77565,,,prizepicks,2025-07-08T08:44:40.811334,5607539,False,False
PP_5597705_20250708,Sabrina Ionescu,NYL,Rebs+Asts,8.5,,,-110,-110,2025-07-08T20:00:00-04:00,77565,,,prizepicks,2025-07-08T08:44:40.811338,5597705,False,False
PP_5597697_20250708,Sabrina Ionescu,NYL,Pts+Rebs,19.5,,,-110,-110,2025-07-08T20:00:00-04:00,77565,,,prizepicks,2025-07-08T08:44:40.811341,5597697,False,False
PP_5597685_20250708,Sabrina Ionescu,NYL,3-PT Made,3.5,,,-110,-110,2025-07-08T20:00:00-04:00,77565,,,prizepicks,2025-07-08T08:44:40.811345,5597685,False,False
PP_5600703_20250708,Sabrina Ionescu,NYL,Assists,8.5,,,-110,-110,2025-07-08T20:00:00-04:00,77565,,,prizepicks,2025-07-08T08:44:40.811349,5600703,False,False
PP_5597687_20250708,Sabrina Ionescu,NYL,Assists,4.5,,,-110,-110,2025-07-08T20:00:00-04:00,77565,,,prizepicks,2025-07-08T08:44:40.811352,5597687,False,False
PP_5597688_20250708,Sabrina Ionescu,NYL,Points,14.5,,,-110,-110,2025-07-08T20:00:00-04:00,77565,,,prizepicks,2025-07-08T08:44:40.811355,5597688,False,False
PP_5597311_20250708,Sabrina Ionescu,NYL,Rebounds,6.5,,,-110,-110,2025-07-08T20:00:00-04:00,77565,,,prizepicks,2025-07-08T08:44:40.811358,5597311,False,False
PP_5597313_20250708,Sabrina Ionescu,NYL,Rebounds,4.5,,,-110,-110,2025-07-08T20:00:00-04:00,77565,,,prizepicks,2025-07-08T08:44:40.811362,5597313,False,False
PP_5597312_20250708,Sabrina Ionescu,NYL,Rebounds,5.5,,,-110,-110,2025-07-08T20:00:00-04:00,77565,,,prizepicks,2025-07-08T08:44:40.811365,5597312,False,False
PP_5597314_20250708,Sabrina Ionescu,NYL,Rebounds,3.5,,,-110,-110,2025-07-08T20:00:00-04:00,77565,,,prizepicks,2025-07-08T08:44:40.811368,5597314,False,False
PP_5600642_20250708,Sabrina Ionescu,NYL,Assists,6.5,,,-110,-110,2025-07-08T20:00:00-04:00,77565,,,prizepicks,2025-07-08T08:44:40.811372,5600642,False,False
PP_5597666_20250708,Natasha Cloud,NYL,Pts+Asts,19.5,,,-110,-110,2025-07-08T20:00:00-04:00,77565,,,prizepicks,2025-07-08T08:44:40.811375,5597666,False,False
PP_5597676_20250708,Natasha Cloud,NYL,Pts+Rebs+Asts,24.5,,,-110,-110,2025-07-08T20:00:00-04:00,77565,,,prizepicks,2025-07-08T08:44:40.811379,5597676,False,False
PP_5602325_20250708,Natasha Cloud,NYL,3-PT Attempted,4.0,,,-110,-110,2025-07-08T20:00:00-04:00,77565,,,prizepicks,2025-07-08T08:44:40.811383,5602325,False,False
PP_5597681_20250708,Natasha Cloud,NYL,Rebs+Asts,11.5,,,-110,-110,2025-07-08T20:00:00-04:00,77565,,,prizepicks,2025-07-08T08:44:40.811386,5597681,False,False
PP_5597301_20250708,Natasha Cloud,NYL,Assists,9.5,,,-110,-110,2025-07-08T20:00:00-04:00,77565,,,prizepicks,2025-07-08T08:44:40.811389,5597301,False,False
PP_5597679_20250708,Natasha Cloud,NYL,Rebs+Asts,9.5,,,-110,-110,2025-07-08T20:00:00-04:00,77565,,,prizepicks,2025-07-08T08:44:40.811393,5597679,False,False
PP_5597675_20250708,Natasha Cloud,NYL,Pts+Rebs+Asts,29.5,,,-110,-110,2025-07-08T20:00:00-04:00,77565,,,prizepicks,2025-07-08T08:44:40.811396,5597675,False,False
PP_5597677_20250708,Natasha Cloud,NYL,Pts+Rebs+Asts,21.5,,,-110,-110,2025-07-08T20:00:00-04:00,77565,,,prizepicks,2025-07-08T08:44:40.811399,5597677,False,False
PP_5597678_20250708,Natasha Cloud,NYL,Rebs+Asts,8.5,,,-110,-110,2025-07-08T20:00:00-04:00,77565,,,prizepicks,2025-07-08T08:44:40.811403,5597678,False,False
PP_5597303_20250708,Natasha Cloud,NYL,Assists,7.5,,,-110,-110,2025-07-08T20:00:00-04:00,77565,,,prizepicks,2025-07-08T08:44:40.811406,5597303,False,False
PP_5597673_20250708,Natasha Cloud,NYL,Pts+Rebs,14.5,,,-110,-110,2025-07-08T20:00:00-04:00,77565,,,prizepicks,2025-07-08T08:44:40.811409,5597673,False,False
PP_5597664_20250708,Natasha Cloud,NYL,Pts+Asts,24.5,,,-110,-110,2025-07-08T20:00:00-04:00,77565,,,prizepicks,2025-07-08T08:44:40.811414,5597664,False,False
PP_5597669_20250708,Natasha Cloud,NYL,Pts+Rebs,13.5,,,-110,-110,2025-07-08T20:00:00-04:00,77565,,,prizepicks,2025-07-08T08:44:40.811417,5597669,False,False
PP_5597665_20250708,Natasha Cloud,NYL,Pts+Asts,21.5,,,-110,-110,2025-07-08T20:00:00-04:00,77565,,,prizepicks,2025-07-08T08:44:40.811421,5597665,False,False
PP_5597670_20250708,Natasha Cloud,NYL,Pts+Rebs,19.5,,,-110,-110,2025-07-08T20:00:00-04:00,77565,,,prizepicks,2025-07-08T08:44:40.811424,5597670,False,False
PP_5597662_20250708,Natasha Cloud,NYL,Pts+Asts,13.5,,,-110,-110,2025-07-08T20:00:00-04:00,77565,,,prizepicks,2025-07-08T08:44:40.811427,5597662,False,False
PP_5597667_20250708,Natasha Cloud,NYL,Pts+Asts,17.5,,,-110,-110,2025-07-08T20:00:00-04:00,77565,,,prizepicks,2025-07-08T08:44:40.811430,5597667,False,False
PP_5597661_20250708,Natasha Cloud,NYL,Pts+Asts,14.5,,,-110,-110,2025-07-08T20:00:00-04:00,77565,,,prizepicks,2025-07-08T08:44:40.811434,5597661,False,False
PP_5597671_20250708,Natasha Cloud,NYL,Pts+Rebs,17.5,,,-110,-110,2025-07-08T20:00:00-04:00,77565,,,prizepicks,2025-07-08T08:44:40.811437,5597671,False,False
PP_5597659_20250708,Natasha Cloud,NYL,Points,11.5,,,-110,-110,2025-07-08T20:00:00-04:00,77565,,,prizepicks,2025-07-08T08:44:40.811440,5597659,False,False
PP_5597660_20250708,Natasha Cloud,NYL,Points,10.5,,,-110,-110,2025-07-08T20:00:00-04:00,77565,,,prizepicks,2025-07-08T08:44:40.811443,5597660,False,False
PP_5597654_20250708,Natasha Cloud,NYL,Assists,6.0,,,-110,-110,2025-07-08T20:00:00-04:00,77565,,,prizepicks,2025-07-08T08:44:40.811447,5597654,False,False
PP_5597657_20250708,Natasha Cloud,NYL,Points,17.5,,,-110,-110,2025-07-08T20:00:00-04:00,77565,,,prizepicks,2025-07-08T08:44:40.811450,5597657,False,False
PP_5597655_20250708,Natasha Cloud,NYL,Points,7.5,,,-110,-110,2025-07-08T20:00:00-04:00,77565,,,prizepicks,2025-07-08T08:44:40.811453,5597655,False,False
PP_5597651_20250708,Natasha Cloud,NYL,3-PT Made,2.5,,,-110,-110,2025-07-08T20:00:00-04:00,77565,,,prizepicks,2025-07-08T08:44:40.811456,5597651,False,False
PP_5607584_20250708,Natasha Cloud,NYL,Assists,4.5,,,-110,-110,2025-07-08T20:00:00-04:00,77565,,,prizepicks,2025-07-08T08:44:40.811460,5607584,False,False
PP_5597653_20250708,Natasha Cloud,NYL,Assists,5.5,,,-110,-110,2025-07-08T20:00:00-04:00,77565,,,prizepicks,2025-07-08T08:44:40.811463,5597653,False,False
PP_5597652_20250708,Natasha Cloud,NYL,3-PT Made,1.5,,,-110,-110,2025-07-08T20:00:00-04:00,77565,,,prizepicks,2025-07-08T08:44:40.811466,5597652,False,False
PP_5597650_20250708,Natasha Cloud,NYL,3-PT Made,0.5,,,-110,-110,2025-07-08T20:00:00-04:00,77565,,,prizepicks,2025-07-08T08:44:40.811469,5597650,False,False
PP_5597663_20250708,Natasha Cloud,NYL,Pts+Asts,15.5,,,-110,-110,2025-07-08T20:00:00-04:00,77565,,,prizepicks,2025-07-08T08:44:40.811472,5597663,False,False
PP_5597668_20250708,Natasha Cloud,NYL,Pts+Rebs,11.5,,,-110,-110,2025-07-08T20:00:00-04:00,77565,,,prizepicks,2025-07-08T08:44:40.811475,5597668,False,False
PP_5597674_20250708,Natasha Cloud,NYL,Pts+Rebs+Asts,19.5,,,-110,-110,2025-07-08T20:00:00-04:00,77565,,,prizepicks,2025-07-08T08:44:40.811479,5597674,False,False
PP_5597308_20250708,Natasha Cloud,NYL,Rebounds,3.5,,,-110,-110,2025-07-08T20:00:00-04:00,77565,,,prizepicks,2025-07-08T08:44:40.811483,5597308,False,False
PP_5597306_20250708,Natasha Cloud,NYL,Rebounds,4.5,,,-110,-110,2025-07-08T20:00:00-04:00,77565,,,prizepicks,2025-07-08T08:44:40.811486,5597306,False,False
PP_5597307_20250708,Natasha Cloud,NYL,Rebounds,2.5,,,-110,-110,2025-07-08T20:00:00-04:00,77565,,,prizepicks,2025-07-08T08:44:40.811489,5597307,False,False
PP_5597304_20250708,Natasha Cloud,NYL,Rebounds,6.5,,,-110,-110,2025-07-08T20:00:00-04:00,77565,,,prizepicks,2025-07-08T08:44:40.811492,5597304,False,False
PP_5597302_20250708,Natasha Cloud,NYL,Assists,8.5,,,-110,-110,2025-07-08T20:00:00-04:00,77565,,,prizepicks,2025-07-08T08:44:40.811496,5597302,False,False
PP_5597305_20250708,Natasha Cloud,NYL,Rebounds,5.5,,,-110,-110,2025-07-08T20:00:00-04:00,77565,,,prizepicks,2025-07-08T08:44:40.811499,5597305,False,False
PP_5597656_20250708,Natasha Cloud,NYL,Points,9.5,,,-110,-110,2025-07-08T20:00:00-04:00,77565,,,prizepicks,2025-07-08T08:44:40.811502,5597656,False,False
PP_5597658_20250708,Natasha Cloud,NYL,Points,14.5,,,-110,-110,2025-07-08T20:00:00-04:00,77565,,,prizepicks,2025-07-08T08:44:40.811505,5597658,False,False
PP_5603868_20250708,A'ja Wilson + Breanna Stewart,LVA/NYL,Points (Combo),43.5,,,-110,-110,2025-07-08T20:00:00-04:00,77565,,,prizepicks,2025-07-08T08:44:40.811509,5603868,False,False
PP_5603870_20250708,A'ja Wilson + Breanna Stewart,LVA/NYL,Rebounds (Combo),18.0,,,-110,-110,2025-07-08T20:00:00-04:00,77565,,,prizepicks,2025-07-08T08:44:40.811513,5603870,False,False
PP_5603874_20250708,Chelsea Gray + Sabrina Ionescu,LVA/NYL,3-PT Made (Combo),4.0,,,-110,-110,2025-07-08T20:00:00-04:00,77565,,,prizepicks,2025-07-08T08:44:40.811516,5603874,False,False
PP_5603872_20250708,Chelsea Gray + Sabrina Ionescu,LVA/NYL,Assists (Combo),10.5,,,-110,-110,2025-07-08T20:00:00-04:00,77565,,,prizepicks,2025-07-08T08:44:40.811520,5603872,False,False
PP_5603869_20250708,Jackie Young + Sabrina Ionescu,LVA/NYL,Points (Combo),33.5,,,-110,-110,2025-07-08T20:00:00-04:00,77565,,,prizepicks,2025-07-08T08:44:40.811523,5603869,False,False
PP_5599534_20250708,A'ja Wilson,LVA,Fantasy Score,51.5,,,-110,-110,2025-07-08T20:00:00-04:00,77565,,,prizepicks,2025-07-08T08:44:40.811526,5599534,False,False
PP_5599492_20250708,A'ja Wilson,LVA,Rebounds,10.0,,,-110,-110,2025-07-08T20:00:00-04:00,77565,,,prizepicks,2025-07-08T08:44:40.811529,5599492,False,False
PP_5599504_20250708,A'ja Wilson,LVA,Points,23.0,,,-110,-110,2025-07-08T20:00:00-04:00,77565,,,prizepicks,2025-07-08T08:44:40.811533,5599504,False,False
PP_5599535_20250708,Jewell Loyd,LVA,Fantasy Score,21.5,,,-110,-110,2025-07-08T20:00:00-04:00,77565,,,prizepicks,2025-07-08T08:44:40.811536,5599535,False,False
PP_5599525_20250708,Jewell Loyd,LVA,Pts+Rebs+Asts,17.5,,,-110,-110,2025-07-08T20:00:00-04:00,77565,,,prizepicks,2025-07-08T08:44:40.811539,5599525,False,False
PP_5599503_20250708,Chelsea Gray,LVA,Assists,5.0,,,-110,-110,2025-07-08T20:00:00-04:00,77565,,,prizepicks,2025-07-08T08:44:40.811543,5599503,False,False
PP_5599536_20250708,Chelsea Gray,LVA,Fantasy Score,26.5,,,-110,-110,2025-07-08T20:00:00-04:00,77565,,,prizepicks,2025-07-08T08:44:40.811547,5599536,False,False
PP_5599537_20250708,Jackie Young,LVA,Fantasy Score,29.5,,,-110,-110,2025-07-08T20:00:00-04:00,77565,,,prizepicks,2025-07-08T08:44:40.811550,5599537,False,False
PP_5599522_20250708,Jackie Young,LVA,Rebs+Asts,8.5,,,-110,-110,2025-07-08T20:00:00-04:00,77565,,,prizepicks,2025-07-08T08:44:40.811553,5599522,False,False
PP_5599538_20250708,Breanna Stewart,NYL,Fantasy Score,41.5,,,-110,-110,2025-07-08T20:00:00-04:00,77565,,,prizepicks,2025-07-08T08:44:40.811556,5599538,False,False
PP_5599493_20250708,Breanna Stewart,NYL,Rebounds,8.0,,,-110,-110,2025-07-08T20:00:00-04:00,77565,,,prizepicks,2025-07-08T08:44:40.811560,5599493,False,False
PP_5599523_20250708,Breanna Stewart,NYL,Rebs+Asts,12.0,,,-110,-110,2025-07-08T20:00:00-04:00,77565,,,prizepicks,2025-07-08T08:44:40.811563,5599523,False,False
PP_5599539_20250708,Sabrina Ionescu,NYL,Fantasy Score,34.0,,,-110,-110,2025-07-08T20:00:00-04:00,77565,,,prizepicks,2025-07-08T08:44:40.811566,5599539,False,False
PP_5599524_20250708,Sabrina Ionescu,NYL,Rebs+Asts,10.0,,,-110,-110,2025-07-08T20:00:00-04:00,77565,,,prizepicks,2025-07-08T08:44:40.811570,5599524,False,False
PP_5599521_20250708,Sabrina Ionescu,NYL,Pts+Rebs,22.5,,,-110,-110,2025-07-08T20:00:00-04:00,77565,,,prizepicks,2025-07-08T08:44:40.811582,5599521,False,False
PP_5599494_20250708,Natasha Cloud,NYL,Rebounds,4.0,,,-110,-110,2025-07-08T20:00:00-04:00,77565,,,prizepicks,2025-07-08T08:44:40.811585,5599494,False,False
PP_5599540_20250708,Natasha Cloud,NYL,Fantasy Score,27.5,,,-110,-110,2025-07-08T20:00:00-04:00,77565,,,prizepicks,2025-07-08T08:44:40.811589,5599540,False,False
PP_5603871_20250708,Chelsea Gray + Natasha Cloud,LVA/NYL,Assists (Combo),11.0,,,-110,-110,2025-07-08T20:00:00-04:00,77565,,,prizepicks,2025-07-08T08:44:40.811593,5603871,False,False
PP_5604409_20250708,Caitlin Clark,IND,Points,19.5,,,-110,-110,2025-07-09T12:00:00-04:00,77815,,,prizepicks,2025-07-08T08:44:40.811596,5604409,False,False
PP_5604408_20250708,Caitlin Clark,IND,3-PT Made,3.5,,,-110,-110,2025-07-09T12:00:00-04:00,77815,,,prizepicks,2025-07-08T08:44:40.811599,5604408,False,False
PP_5604406_20250708,Caitlin Clark,IND,3-PT Made,1.5,,,-110,-110,2025-07-09T12:00:00-04:00,77815,,,prizepicks,2025-07-08T08:44:40.811603,5604406,False,False
PP_5604217_20250708,Caitlin Clark,IND,Points,24.5,,,-110,-110,2025-07-09T12:00:00-04:00,77815,,,prizepicks,2025-07-08T08:44:40.811606,5604217,False,False
PP_5604407_20250708,Caitlin Clark,IND,3-PT Made,4.5,,,-110,-110,2025-07-09T12:00:00-04:00,77815,,,prizepicks,2025-07-08T08:44:40.811609,5604407,False,False
PP_5604221_20250708,Caitlin Clark,IND,Pts+Rebs,19.5,,,-110,-110,2025-07-09T12:00:00-04:00,77815,,,prizepicks,2025-07-08T08:44:40.811612,5604221,False,False
PP_5604220_20250708,Caitlin Clark,IND,Pts+Asts,29.5,,,-110,-110,2025-07-09T12:00:00-04:00,77815,,,prizepicks,2025-07-08T08:44:40.811616,5604220,False,False
PP_5604226_20250708,Caitlin Clark,IND,Pts+Rebs+Asts,39.5,,,-110,-110,2025-07-09T12:00:00-04:00,77815,,,prizepicks,2025-07-08T08:44:40.811619,5604226,False,False
PP_5604222_20250708,Caitlin Clark,IND,Pts+Rebs,34.5,,,-110,-110,2025-07-09T12:00:00-04:00,77815,,,prizepicks,2025-07-08T08:44:40.811623,5604222,False,False
PP_5604223_20250708,Caitlin Clark,IND,Pts+Rebs,29.5,,,-110,-110,2025-07-09T12:00:00-04:00,77815,,,prizepicks,2025-07-08T08:44:40.811626,5604223,False,False
PP_5604213_20250708,Caitlin Clark,IND,Assists,10.5,,,-110,-110,2025-07-09T12:00:00-04:00,77815,,,prizepicks,2025-07-08T08:44:40.811630,5604213,False,False
PP_5604214_20250708,Caitlin Clark,IND,Assists,8.5,,,-110,-110,2025-07-09T12:00:00-04:00,77815,,,prizepicks,2025-07-08T08:44:40.811633,5604214,False,False
PP_5604229_20250708,Caitlin Clark,IND,Rebounds,4.5,,,-110,-110,2025-07-09T12:00:00-04:00,77815,,,prizepicks,2025-07-08T08:44:40.811638,5604229,False,False
PP_5604211_20250708,Caitlin Clark,IND,Assists,12.5,,,-110,-110,2025-07-09T12:00:00-04:00,77815,,,prizepicks,2025-07-08T08:44:40.811641,5604211,False,False
PP_5604212_20250708,Caitlin Clark,IND,Assists,11.5,,,-110,-110,2025-07-09T12:00:00-04:00,77815,,,prizepicks,2025-07-08T08:44:40.811644,5604212,False,False
PP_5604210_20250708,Caitlin Clark,IND,Assists,6.5,,,-110,-110,2025-07-09T12:00:00-04:00,77815,,,prizepicks,2025-07-08T08:44:40.811647,5604210,False,False
PP_5604231_20250708,Caitlin Clark,IND,Rebounds,7.5,,,-110,-110,2025-07-09T12:00:00-04:00,77815,,,prizepicks,2025-07-08T08:44:40.811651,5604231,False,False
PP_5604225_20250708,Caitlin Clark,IND,Pts+Rebs+Asts,29.5,,,-110,-110,2025-07-09T12:00:00-04:00,77815,,,prizepicks,2025-07-08T08:44:40.811654,5604225,False,False
PP_5604232_20250708,Caitlin Clark,IND,Rebounds,6.5,,,-110,-110,2025-07-09T12:00:00-04:00,77815,,,prizepicks,2025-07-08T08:44:40.811658,5604232,False,False
PP_5604219_20250708,Caitlin Clark,IND,Pts+Asts,34.5,,,-110,-110,2025-07-09T12:00:00-04:00,77815,,,prizepicks,2025-07-08T08:44:40.811661,5604219,False,False
PP_5604410_20250708,Caitlin Clark,IND,Rebounds,3.5,,,-110,-110,2025-07-09T12:00:00-04:00,77815,,,prizepicks,2025-07-08T08:44:40.811665,5604410,False,False
PP_5604230_20250708,Caitlin Clark,IND,Rebounds,8.5,,,-110,-110,2025-07-09T12:00:00-04:00,77815,,,prizepicks,2025-07-08T08:44:40.811668,5604230,False,False
PP_5604209_20250708,Caitlin Clark,IND,Assists,7.5,,,-110,-110,2025-07-09T12:00:00-04:00,77815,,,prizepicks,2025-07-08T08:44:40.811671,5604209,False,False
PP_5604218_20250708,Caitlin Clark,IND,Pts+Asts,24.5,,,-110,-110,2025-07-09T12:00:00-04:00,77815,,,prizepicks,2025-07-08T08:44:40.811674,5604218,False,False
PP_5604215_20250708,Caitlin Clark,IND,Points,14.5,,,-110,-110,2025-07-09T12:00:00-04:00,77815,,,prizepicks,2025-07-08T08:44:40.811677,5604215,False,False
PP_5604227_20250708,Caitlin Clark,IND,Pts+Rebs+Asts,34.5,,,-110,-110,2025-07-09T12:00:00-04:00,77815,,,prizepicks,2025-07-08T08:44:40.811681,5604227,False,False
